asset_id,company_id,category_id,category_name,asset_tag,brand,model,serial_number,purchase_date,purchase_price,warranty_expiry,status,condition,current_employee_id,location,notes
ast-00001,comp-001,cat-04,Smartphone,AST-00001,Google,Pixel 8 Pro,GOO-SMAR-97096-8066,2021-01-17,768.60,2024-01-17,assigned,good,emp-002,Jakarta HQ - Floor 1,
ast-00002,comp-001,cat-01,Laptop,AST-00002,Apple,MacBook Air 15 M3,APP-LAPT-78264-7840,2024-11-26,3464.43,2025-11-26,maintenance,good,,Jakarta HQ - Floor 1,
ast-00003,comp-001,cat-10,Peripheral,AST-00003,Jabra,Evolve2 65 Headset,JAB-PERI-46243-4997,2022-05-31,225.20,2024-05-30,retired,fair,,Remote - WFH,
ast-00004,comp-001,cat-01,Laptop,AST-00004,HP,ProBook 450 G10,HP-LAPT-45105-1276,2025-03-20,1308.92,2027-03-20,maintenance,new,,Remote - WFH,
ast-00005,comp-001,cat-02,Desktop,AST-00005,Dell,OptiPlex 7000 Tower,DEL-DESK-83567-7020,2022-09-19,1379.71,2024-09-18,available,good,,Jakarta HQ - Floor 5,
ast-00006,comp-001,cat-01,Laptop,AST-00006,Lenovo,ThinkPad T14s Gen 4,LEN-LAPT-57495-2578,2024-04-14,2511.22,2025-04-14,assigned,fair,emp-006,Branch - Surabaya,
ast-00007,comp-001,cat-09,Tablet,AST-00007,Microsoft,Surface Pro 9,MIC-TABL-73371-6160,2023-04-27,646.28,2026-04-26,assigned,good,emp-007,Jakarta HQ - Floor 4,
ast-00008,comp-001,cat-04,Smartphone,AST-00008,Google,Pixel 8 Pro,GOO-SMAR-79869-2584,2021-04-26,1452.97,2025-04-25,assigned,fair,emp-009,Data Center - Jakarta,
ast-00009,comp-001,cat-01,Laptop,AST-00009,Apple,MacBook Pro 14 M3,APP-LAPT-89176-8855,2021-04-05,3258.15,2022-04-05,assigned,new,emp-011,Data Center - Jakarta,
ast-00010,comp-001,cat-01,Laptop,AST-00010,Apple,MacBook Air 15 M3,APP-LAPT-18759-9962,2023-01-07,2301.39,2027-01-06,available,new,,Jakarta HQ - Floor 3,
ast-00011,comp-001,cat-10,Peripheral,AST-00011,Poly,Voyager 5200 Headset,POL-PERI-17406-9991,2021-10-18,107.44,2022-10-18,available,good,,Branch - Surabaya,
ast-00012,comp-001,cat-03,Monitor,AST-00012,Dell,U2723QE 4K USB-C Hub,DEL-MONI-19686-1114,2025-01-13,1123.17,2028-01-13,maintenance,good,,Jakarta HQ - Floor 5,
ast-00013,comp-001,cat-01,Laptop,AST-00013,Microsoft,Surface Laptop 5,MIC-LAPT-88876-9004,2024-03-15,1667.43,2025-03-15,available,new,,Jakarta HQ - Floor 3,
ast-00014,comp-001,cat-09,Tablet,AST-00014,Samsung,Galaxy Tab S9 Ultra,SAM-TABL-55036-7849,2023-02-08,415.27,2026-02-07,assigned,good,emp-013,Remote - WFH,
ast-00015,comp-001,cat-01,Laptop,AST-00015,Microsoft,Surface Laptop 5,MIC-LAPT-61181-8110,2024-06-30,1975.63,2026-06-30,available,poor,,Jakarta HQ - Floor 3,
ast-00016,comp-001,cat-10,Peripheral,AST-00016,Logitech,MX Master 3S Mouse,LOG-PERI-28887-5037,2020-08-31,179.65,2022-08-31,maintenance,good,,Data Center - Jakarta,
ast-00017,comp-001,cat-01,Laptop,AST-00017,HP,EliteBook 840 G10,HP-LAPT-60597-3645,2021-08-10,1437.38,2025-08-09,available,good,,Jakarta HQ - Floor 5,
ast-00018,comp-001,cat-08,Router,AST-00018,Fortinet,FortiGate 60F,FOR-ROUT-54029-4127,2022-02-16,335.01,2024-02-16,maintenance,new,,Jakarta HQ - Floor 1,
ast-00019,comp-001,cat-10,Peripheral,AST-00019,Logitech,MX Keys Keyboard,LOG-PERI-31888-2795,2021-07-10,296.41,2022-07-10,available,good,,Branch - Surabaya,
ast-00020,comp-001,cat-01,Laptop,AST-00020,Apple,MacBook Pro 14 M3,APP-LAPT-90109-3528,2024-09-16,2807.24,2025-09-16,available,good,,Jakarta HQ - Floor 3,
ast-00021,comp-001,cat-07,Network Switch,AST-00021,Ubiquiti,UniFi Switch Pro 48,UBI-NETW-95770-3403,2021-11-04,1323.11,2022-11-04,maintenance,poor,,Remote - WFH,
ast-00022,comp-001,cat-03,Monitor,AST-00022,Dell,U2723QE 4K USB-C Hub,DEL-MONI-75781-8794,2021-04-23,1180.83,2023-04-23,available,fair,,Jakarta HQ - Floor 5,
ast-00023,comp-001,cat-01,Laptop,AST-00023,Apple,MacBook Pro 14 M3,APP-LAPT-75471-5278,2023-06-30,2955.48,2024-06-29,stolen,good,,Jakarta HQ - Floor 4,
ast-00024,comp-001,cat-05,Printer,AST-00024,Canon,imageRUNNER 2630i,CAN-PRIN-60761-7964,2025-07-18,1247.05,2028-07-17,available,good,,Jakarta HQ - Floor 4,
ast-00025,comp-001,cat-03,Monitor,AST-00025,Samsung,S27A800 27 4K,SAM-MONI-40325-3289,2023-07-18,574.43,2024-07-17,assigned,good,emp-015,Warehouse - Bandung,
ast-00026,comp-001,cat-02,Desktop,AST-00026,Lenovo,ThinkCentre M90s Gen 4,LEN-DESK-76199-2646,2025-08-23,2575.33,2027-08-23,assigned,good,emp-017,Jakarta HQ - Floor 1,
ast-00027,comp-001,cat-08,Router,AST-00027,Cisco,ISR 4321,CIS-ROUT-76032-9336,2021-01-07,2430.25,2025-01-06,assigned,good,emp-018,Remote - WFH,
ast-00028,comp-001,cat-01,Laptop,AST-00028,Lenovo,ThinkPad X1 Carbon Gen 11,LEN-LAPT-11475-3395,2025-08-17,2032.98,2029-08-16,assigned,fair,emp-020,Warehouse - Jakarta,
ast-00029,comp-001,cat-09,Tablet,AST-00029,Apple,iPad Air M1,APP-TABL-16746-5964,2022-11-16,468.35,2023-11-16,assigned,good,emp-021,Warehouse - Jakarta,
ast-00030,comp-001,cat-03,Monitor,AST-00030,HP,E27u G5 27 4K,HP-MONI-65278-6990,2022-10-01,727.83,2023-10-01,assigned,good,emp-022,Jakarta HQ - Floor 4,
ast-00031,comp-001,cat-08,Router,AST-00031,Fortinet,FortiGate 60F,FOR-ROUT-92047-9804,2020-10-14,1394.40,2021-10-14,assigned,good,emp-025,Warehouse - Jakarta,
ast-00032,comp-001,cat-01,Laptop,AST-00032,Lenovo,ThinkPad T14s Gen 4,LEN-LAPT-51160-5199,2023-05-21,2527.33,2026-05-20,assigned,good,emp-027,Warehouse - Jakarta,
ast-00033,comp-001,cat-01,Laptop,AST-00033,Lenovo,ThinkPad X1 Carbon Gen 11,LEN-LAPT-44132-4079,2020-05-27,2004.21,2022-05-27,assigned,poor,emp-030,Remote - WFH,
ast-00034,comp-001,cat-01,Laptop,AST-00034,Dell,XPS 15 9530,DEL-LAPT-68436-5917,2023-02-27,2169.88,2026-02-26,available,new,,Jakarta HQ - Floor 1,
ast-00035,comp-001,cat-01,Laptop,AST-00035,ASUS,ZenBook 14 OLED,ASU-LAPT-98395-2535,2020-04-27,1830.91,2023-04-27,retired,good,,Warehouse - Bandung,
ast-00036,comp-001,cat-01,Laptop,AST-00036,Dell,XPS 15 9530,DEL-LAPT-39850-9843,2024-09-02,3006.44,2028-09-01,available,fair,,Jakarta HQ - Floor 1,
ast-00037,comp-001,cat-03,Monitor,AST-00037,Dell,P2423DE 24 16:9,DEL-MONI-63077-7882,2020-03-03,521.14,2021-03-03,maintenance,good,,Data Center - Jakarta,
ast-00038,comp-001,cat-10,Peripheral,AST-00038,Logitech,MX Keys Keyboard,LOG-PERI-36383-9275,2022-03-25,236.78,2023-03-25,assigned,poor,emp-032,Warehouse - Bandung,
ast-00039,comp-001,cat-09,Tablet,AST-00039,Apple,iPad Air M1,APP-TABL-67049-1752,2023-02-09,1172.72,2024-02-09,available,poor,,Warehouse - Jakarta,
ast-00040,comp-001,cat-01,Laptop,AST-00040,Apple,MacBook Air 15 M3,APP-LAPT-44656-6432,2023-11-16,2998.29,2024-11-15,assigned,good,emp-033,Jakarta HQ - Floor 1,
ast-00041,comp-001,cat-09,Tablet,AST-00041,Apple,iPad Air M1,APP-TABL-94861-7292,2024-11-30,711.23,2026-11-30,available,repairing,,Jakarta HQ - Floor 1,
ast-00042,comp-001,cat-01,Laptop,AST-00042,Microsoft,Surface Laptop 5,MIC-LAPT-21331-6910,2021-08-25,3434.87,2025-08-24,stolen,good,,Jakarta HQ - Floor 5,
ast-00043,comp-001,cat-07,Network Switch,AST-00043,Cisco,Catalyst 9200-48P,CIS-NETW-52481-7997,2022-03-02,2077.53,2025-03-01,assigned,good,emp-037,Data Center - Jakarta,
ast-00044,comp-001,cat-07,Network Switch,AST-00044,Cisco,Catalyst 9300-48P,CIS-NETW-31442-5873,2023-11-03,2915.92,2026-11-02,assigned,poor,emp-038,Remote - WFH,
ast-00045,comp-001,cat-03,Monitor,AST-00045,Samsung,S27A800 27 4K,SAM-MONI-48100-4082,2023-08-09,1162.09,2026-08-08,retired,new,,Remote - WFH,
ast-00046,comp-001,cat-10,Peripheral,AST-00046,Logitech,C922 Pro Webcam,LOG-PERI-78272-5225,2023-11-18,265.38,2027-11-17,available,new,,Jakarta HQ - Floor 2,
ast-00047,comp-001,cat-09,Tablet,AST-00047,Microsoft,Surface Pro 9,MIC-TABL-40103-6898,2025-07-05,571.65,2027-07-05,assigned,good,emp-042,Remote - WFH,
ast-00048,comp-001,cat-01,Laptop,AST-00048,Lenovo,ThinkPad X1 Carbon Gen 11,LEN-LAPT-45861-8203,2024-06-19,1614.36,2026-06-19,available,good,,Warehouse - Bandung,
ast-00049,comp-001,cat-01,Laptop,AST-00049,Lenovo,ThinkPad X1 Carbon Gen 11,LEN-LAPT-37346-9213,2023-07-03,2729.39,2026-07-02,available,new,,Remote - WFH,
ast-00050,comp-001,cat-01,Laptop,AST-00050,HP,EliteBook 840 G10,HP-LAPT-10472-3931,2020-05-19,2507.75,2022-05-19,available,new,,Warehouse - Bandung,
ast-00051,comp-001,cat-01,Laptop,AST-00051,Dell,Latitude 5540,DEL-LAPT-70911-1119,2023-05-09,2172.80,2024-05-08,maintenance,fair,,Jakarta HQ - Floor 3,
ast-00052,comp-001,cat-01,Laptop,AST-00052,Apple,MacBook Pro 14 M3,APP-LAPT-29202-4737,2025-10-26,2863.22,2027-10-26,assigned,poor,emp-044,Jakarta HQ - Floor 3,
ast-00053,comp-001,cat-10,Peripheral,AST-00053,Logitech,MX Master 3S Mouse,LOG-PERI-44175-5261,2025-05-29,101.75,2028-05-28,assigned,good,emp-045,Warehouse - Jakarta,
ast-00054,comp-001,cat-02,Desktop,AST-00054,Apple,Mac Mini M2,APP-DESK-53382-5338,2024-06-17,1640.12,2025-06-17,assigned,good,emp-047,Remote - WFH,
ast-00055,comp-001,cat-09,Tablet,AST-00055,Samsung,Galaxy Tab S9 FE,SAM-TABL-65354-3004,2024-02-06,830.57,2025-02-05,retired,fair,,Jakarta HQ - Floor 5,
ast-00056,comp-001,cat-09,Tablet,AST-00056,Microsoft,Surface Pro 9,MIC-TABL-34841-1847,2023-03-24,619.44,2027-03-23,assigned,good,emp-049,Jakarta HQ - Floor 1,
ast-00057,comp-001,cat-03,Monitor,AST-00057,Samsung,S27A800 27 4K,SAM-MONI-24606-8261,2021-07-16,850.76,2025-07-15,available,poor,,Jakarta HQ - Floor 5,
ast-00058,comp-001,cat-10,Peripheral,AST-00058,Logitech,C922 Pro Webcam,LOG-PERI-66031-3009,2020-04-03,280.76,2023-04-03,maintenance,good,,Jakarta HQ - Floor 2,
ast-00059,comp-001,cat-01,Laptop,AST-00059,Dell,Latitude 5540,DEL-LAPT-56284-9064,2020-08-24,3217.12,2023-08-24,available,fair,,Jakarta HQ - Floor 4,
ast-00060,comp-001,cat-03,Monitor,AST-00060,Samsung,S27A800 27 4K,SAM-MONI-47748-4836,2025-08-26,908.86,2028-08-25,available,fair,,Remote - WFH,
ast-00061,comp-001,cat-02,Desktop,AST-00061,Dell,OptiPlex 7000 Tower,DEL-DESK-65406-1757,2023-06-25,1553.30,2025-06-24,assigned,fair,emp-051,Jakarta HQ - Floor 2,
ast-00062,comp-001,cat-04,Smartphone,AST-00062,Samsung,Galaxy S24,SAM-SMAR-20497-1415,2020-12-20,1039.80,2022-12-20,assigned,new,emp-052,Warehouse - Jakarta,
ast-00063,comp-001,cat-03,Monitor,AST-00063,Dell,U2723QE 4K USB-C Hub,DEL-MONI-51482-7023,2025-10-21,840.45,2027-10-21,available,good,,Jakarta HQ - Floor 2,
ast-00064,comp-001,cat-01,Laptop,AST-00064,Lenovo,ThinkPad T14s Gen 4,LEN-LAPT-54475-2933,2023-05-02,3034.31,2027-05-01,assigned,fair,emp-054,Jakarta HQ - Floor 5,
ast-00065,comp-001,cat-05,Printer,AST-00065,Canon,imageRUNNER 2630i,CAN-PRIN-23032-8968,2022-12-28,1962.92,2023-12-28,assigned,new,emp-055,Remote - WFH,
ast-00066,comp-001,cat-04,Smartphone,AST-00066,Apple,iPhone 15,APP-SMAR-57543-7505,2023-01-17,956.62,2024-01-17,assigned,damaged,emp-057,Jakarta HQ - Floor 2,
ast-00067,comp-001,cat-09,Tablet,AST-00067,Microsoft,Surface Pro 9,MIC-TABL-81582-8023,2021-07-07,906.39,2025-07-06,assigned,good,emp-059,Jakarta HQ - Floor 4,
ast-00068,comp-001,cat-10,Peripheral,AST-00068,Jabra,Evolve2 65 Headset,JAB-PERI-78693-4445,2020-10-12,65.76,2021-10-12,maintenance,poor,,Data Center - Jakarta,
ast-00069,comp-001,cat-09,Tablet,AST-00069,Microsoft,Surface Pro 9,MIC-TABL-32933-2518,2025-06-01,949.10,2026-06-01,maintenance,good,,Branch - Surabaya,
ast-00070,comp-001,cat-04,Smartphone,AST-00070,Apple,iPhone 15,APP-SMAR-31582-1941,2024-01-19,1178.93,2027-01-18,retired,good,,Jakarta HQ - Floor 2,
ast-00071,comp-001,cat-10,Peripheral,AST-00071,Jabra,Evolve2 65 Headset,JAB-PERI-38230-7866,2022-02-26,296.77,2025-02-25,assigned,good,emp-060,Branch - Surabaya,
ast-00072,comp-001,cat-01,Laptop,AST-00072,Microsoft,Surface Laptop 5,MIC-LAPT-77192-7920,2020-08-16,2147.68,2023-08-16,available,damaged,,Jakarta HQ - Floor 5,
ast-00073,comp-001,cat-01,Laptop,AST-00073,Lenovo,ThinkPad X1 Carbon Gen 11,LEN-LAPT-25972-6154,2022-11-18,1766.94,2023-11-18,available,new,,Warehouse - Jakarta,
ast-00074,comp-001,cat-10,Peripheral,AST-00074,Poly,Voyager 5200 Headset,POL-PERI-73103-1116,2023-01-25,201.62,2025-01-24,assigned,new,emp-063,Jakarta HQ - Floor 2,
ast-00075,comp-001,cat-09,Tablet,AST-00075,Samsung,Galaxy Tab S9 Ultra,SAM-TABL-46741-5474,2025-10-26,1192.73,2026-10-26,assigned,fair,emp-065,Jakarta HQ - Floor 5,
ast-00076,comp-001,cat-10,Peripheral,AST-00076,Jabra,Evolve2 65 Headset,JAB-PERI-12495-5880,2022-12-16,192.42,2024-12-15,retired,new,,Jakarta HQ - Floor 4,
ast-00077,comp-001,cat-10,Peripheral,AST-00077,Logitech,MX Keys Keyboard,LOG-PERI-23812-6923,2021-05-22,205.62,2023-05-22,assigned,good,emp-067,Remote - WFH,
ast-00078,comp-001,cat-03,Monitor,AST-00078,Dell,P2423DE 24 16:9,DEL-MONI-42418-6492,2023-01-13,894.84,2027-01-12,assigned,good,emp-068,Data Center - Jakarta,
ast-00079,comp-001,cat-01,Laptop,AST-00079,HP,EliteBook 840 G10,HP-LAPT-74548-3174,2022-05-30,2367.00,2024-05-29,retired,good,,Jakarta HQ - Floor 1,
ast-00080,comp-001,cat-03,Monitor,AST-00080,Dell,U2723QE 4K USB-C Hub,DEL-MONI-40880-3661,2023-05-13,540.30,2025-05-12,available,poor,,Jakarta HQ - Floor 5,
ast-00081,comp-001,cat-03,Monitor,AST-00081,Dell,U2723QE 4K USB-C Hub,DEL-MONI-16699-4372,2025-04-22,951.89,2028-04-21,available,good,,Jakarta HQ - Floor 2,
ast-00082,comp-001,cat-09,Tablet,AST-00082,Samsung,Galaxy Tab S9 FE,SAM-TABL-32637-6842,2020-07-29,598.56,2023-07-29,assigned,good,emp-069,Warehouse - Jakarta,
ast-00083,comp-001,cat-01,Laptop,AST-00083,Dell,Latitude 5540,DEL-LAPT-81766-2636,2024-03-29,2637.62,2026-03-29,assigned,good,emp-071,Jakarta HQ - Floor 5,
ast-00084,comp-001,cat-01,Laptop,AST-00084,HP,ProBook 450 G10,HP-LAPT-14181-1733,2023-04-29,1906.84,2026-04-28,assigned,fair,emp-073,Jakarta HQ - Floor 1,
ast-00085,comp-001,cat-04,Smartphone,AST-00085,Apple,iPhone 15,APP-SMAR-96163-3984,2020-06-25,1090.06,2024-06-24,available,good,,Jakarta HQ - Floor 1,
ast-00086,comp-001,cat-01,Laptop,AST-00086,Microsoft,Surface Laptop 5,MIC-LAPT-10092-7247,2021-07-20,1605.00,2023-07-20,retired,good,,Jakarta HQ - Floor 2,
ast-00087,comp-001,cat-01,Laptop,AST-00087,Dell,XPS 15 9530,DEL-LAPT-95827-8607,2022-10-03,2408.65,2025-10-02,maintenance,new,,Warehouse - Bandung,
ast-00088,comp-001,cat-01,Laptop,AST-00088,Apple,MacBook Air 15 M3,APP-LAPT-95984-6085,2025-05-25,3011.23,2028-05-24,assigned,fair,emp-075,Jakarta HQ - Floor 4,
ast-00089,comp-001,cat-04,Smartphone,AST-00089,Google,Pixel 8 Pro,GOO-SMAR-33439-8733,2025-01-31,878.30,2029-01-30,assigned,good,emp-077,Jakarta HQ - Floor 1,
ast-00090,comp-001,cat-09,Tablet,AST-00090,Apple,iPad Pro 12.9 M2,APP-TABL-42437-4654,2025-11-06,708.66,2027-11-06,available,new,,Jakarta HQ - Floor 3,
ast-00091,comp-001,cat-01,Laptop,AST-00091,Lenovo,ThinkPad X1 Carbon Gen 11,LEN-LAPT-14547-9591,2024-05-25,2968.56,2028-05-24,retired,repairing,,Jakarta HQ - Floor 5,
ast-00092,comp-001,cat-01,Laptop,AST-00092,Dell,XPS 15 9530,DEL-LAPT-80156-1268,2021-05-21,2638.87,2022-05-21,assigned,new,emp-078,Branch - Surabaya,
ast-00093,comp-001,cat-01,Laptop,AST-00093,HP,ProBook 450 G10,HP-LAPT-89989-6689,2020-03-14,1897.79,2023-03-14,assigned,good,emp-080,Warehouse - Jakarta,
ast-00094,comp-001,cat-01,Laptop,AST-00094,Lenovo,ThinkPad X1 Carbon Gen 11,LEN-LAPT-95563-1786,2024-09-03,2478.41,2025-09-03,available,good,,Branch - Surabaya,
ast-00095,comp-001,cat-04,Smartphone,AST-00095,Apple,iPhone 15,APP-SMAR-35552-3079,2023-03-20,808.82,2027-03-19,assigned,damaged,emp-082,Jakarta HQ - Floor 4,
ast-00096,comp-001,cat-03,Monitor,AST-00096,Dell,U2723QE 4K USB-C Hub,DEL-MONI-41153-4150,2024-11-20,353.17,2026-11-20,available,good,,Remote - WFH,
ast-00097,comp-001,cat-08,Router,AST-00097,Fortinet,FortiGate 60F,FOR-ROUT-15611-8173,2023-10-02,1948.97,2024-10-01,maintenance,fair,,Remote - WFH,
ast-00098,comp-001,cat-01,Laptop,AST-00098,Apple,MacBook Air 15 M3,APP-LAPT-69845-3123,2023-07-09,1400.41,2025-07-08,available,good,,Data Center - Jakarta,
ast-00099,comp-001,cat-06,Server,AST-00099,HP,ProLiant DL380 Gen11,HP-SERV-32638-8104,2025-07-29,4811.19,2027-07-29,available,good,,Jakarta HQ - Floor 3,
ast-00100,comp-001,cat-10,Peripheral,AST-00100,Jabra,Evolve2 65 Headset,JAB-PERI-14110-4957,2021-10-29,65.76,2024-10-28,assigned,good,emp-084,Warehouse - Jakarta,
ast-00101,comp-001,cat-02,Desktop,AST-00101,Lenovo,ThinkCentre M90s Gen 4,LEN-DESK-85943-8754,2022-12-01,1004.10,2026-11-30,assigned,fair,emp-086,Jakarta HQ - Floor 1,
ast-00102,comp-001,cat-01,Laptop,AST-00102,Dell,XPS 15 9530,DEL-LAPT-97992-1462,2021-01-10,2959.74,2022-01-10,assigned,new,emp-088,Warehouse - Jakarta,
ast-00103,comp-001,cat-05,Printer,AST-00103,Epson,WorkForce Pro WF-7820,EPS-PRIN-37587-4155,2025-04-26,1343.11,2027-04-26,available,good,,Jakarta HQ - Floor 5,
ast-00104,comp-001,cat-01,Laptop,AST-00104,Microsoft,Surface Laptop 5,MIC-LAPT-89327-2739,2020-01-23,3219.34,2022-01-22,lost,fair,,Jakarta HQ - Floor 1,
ast-00105,comp-001,cat-03,Monitor,AST-00105,Samsung,S27A800 27 4K,SAM-MONI-94808-5134,2024-05-27,552.83,2027-05-27,assigned,good,emp-090,Jakarta HQ - Floor 3,
ast-00106,comp-001,cat-01,Laptop,AST-00106,ASUS,ZenBook 14 OLED,ASU-LAPT-67117-8501,2021-08-23,2763.28,2023-08-23,assigned,good,emp-092,Jakarta HQ - Floor 4,
ast-00107,comp-001,cat-02,Desktop,AST-00107,Lenovo,ThinkCentre M90s Gen 4,LEN-DESK-94659-9708,2025-01-10,2543.53,2028-01-10,available,new,,Jakarta HQ - Floor 1,
ast-00108,comp-001,cat-04,Smartphone,AST-00108,Samsung,Galaxy S24 Ultra,SAM-SMAR-69742-8872,2022-01-11,902.39,2024-01-11,available,new,,Warehouse - Bandung,
ast-00109,comp-001,cat-01,Laptop,AST-00109,ASUS,ZenBook 14 OLED,ASU-LAPT-81774-6235,2024-09-08,2954.99,2026-09-08,available,good,,Jakarta HQ - Floor 1,
ast-00110,comp-001,cat-06,Server,AST-00110,Dell,PowerEdge R650,DEL-SERV-23060-7572,2024-07-25,11024.04,2028-07-24,maintenance,good,,Jakarta HQ - Floor 3,
ast-00111,comp-001,cat-07,Network Switch,AST-00111,Ubiquiti,UniFi Switch Pro 48,UBI-NETW-20149-8083,2023-03-06,1438.60,2025-03-05,available,fair,,Jakarta HQ - Floor 1,
ast-00112,comp-001,cat-03,Monitor,AST-00112,HP,E27u G5 27 4K,HP-MONI-54886-2789,2024-09-23,629.06,2027-09-23,retired,good,,Data Center - Jakarta,
ast-00113,comp-001,cat-01,Laptop,AST-00113,Microsoft,Surface Laptop 5,MIC-LAPT-16721-3514,2022-04-19,2168.51,2023-04-19,assigned,good,emp-093,Jakarta HQ - Floor 4,
ast-00114,comp-001,cat-06,Server,AST-00114,Lenovo,ThinkSystem SR650 V3,LEN-SERV-88782-2016,2020-01-01,13541.51,2021-12-31,maintenance,new,,Jakarta HQ - Floor 3,
ast-00115,comp-001,cat-06,Server,AST-00115,HP,ProLiant DL380 Gen11,HP-SERV-16137-7911,2022-02-13,3943.14,2026-02-12,assigned,good,emp-095,Data Center - Jakarta,
ast-00116,comp-001,cat-07,Network Switch,AST-00116,Juniper,EX3400-48P,JUN-NETW-78284-7441,2024-12-07,1038.98,2026-12-07,stolen,good,,Remote - WFH,
ast-00117,comp-001,cat-01,Laptop,AST-00117,Lenovo,ThinkPad T14s Gen 4,LEN-LAPT-68580-4267,2023-06-26,3185.37,2026-06-25,maintenance,fair,,Data Center - Jakarta,
ast-00118,comp-001,cat-10,Peripheral,AST-00118,Logitech,MX Keys Keyboard,LOG-PERI-91277-6847,2020-04-22,289.54,2023-04-22,assigned,good,emp-096,Data Center - Jakarta,
ast-00119,comp-001,cat-04,Smartphone,AST-00119,Xiaomi,13T Pro,XIA-SMAR-79916-1720,2024-11-19,909.44,2028-11-18,assigned,fair,emp-097,Remote - WFH,
ast-00120,comp-001,cat-01,Laptop,AST-00120,Microsoft,Surface Laptop 5,MIC-LAPT-27830-5531,2025-05-16,1319.30,2028-05-15,available,fair,,Jakarta HQ - Floor 5,
ast-00121,comp-001,cat-08,Router,AST-00121,Cisco,ISR 4321,CIS-ROUT-11640-7356,2020-08-07,2093.98,2023-08-07,available,fair,,Warehouse - Bandung,
ast-00122,comp-001,cat-01,Laptop,AST-00122,HP,ProBook 450 G10,HP-LAPT-86051-9862,2021-11-01,2631.72,2023-11-01,assigned,fair,emp-098,Data Center - Jakarta,
ast-00123,comp-001,cat-05,Printer,AST-00123,HP,LaserJet Enterprise M507,HP-PRIN-17210-6605,2020-05-10,1997.02,2022-05-10,available,poor,,Jakarta HQ - Floor 1,
ast-00124,comp-001,cat-01,Laptop,AST-00124,Dell,XPS 15 9530,DEL-LAPT-79464-5134,2024-10-10,3463.90,2025-10-10,assigned,good,emp-099,Warehouse - Bandung,
ast-00125,comp-001,cat-08,Router,AST-00125,Ubiquiti,UniFi Dream Machine SE,UBI-ROUT-15363-6510,2024-03-31,578.74,2027-03-31,lost,good,,Data Center - Jakarta,
ast-00126,comp-001,cat-01,Laptop,AST-00126,Lenovo,ThinkPad X1 Carbon Gen 11,LEN-LAPT-77563-8774,2021-05-20,2912.69,2022-05-20,assigned,good,emp-100,Branch - Surabaya,
ast-00127,comp-001,cat-10,Peripheral,AST-00127,Poly,Voyager 5200 Headset,POL-PERI-35100-9693,2023-07-20,185.52,2024-07-19,assigned,fair,,Warehouse - Jakarta,
ast-00128,comp-001,cat-04,Smartphone,AST-00128,Xiaomi,13T Pro,XIA-SMAR-76210-8610,2022-09-11,1125.80,2025-09-10,assigned,poor,,Jakarta HQ - Floor 2,
ast-00129,comp-001,cat-01,Laptop,AST-00129,Lenovo,ThinkPad X1 Carbon Gen 11,LEN-LAPT-68240-1674,2025-06-04,1605.39,2026-06-04,assigned,good,,Jakarta HQ - Floor 5,
ast-00130,comp-001,cat-07,Network Switch,AST-00130,Cisco,Catalyst 9300-48P,CIS-NETW-52948-1909,2020-12-03,2993.17,2023-12-03,available,good,,Jakarta HQ - Floor 4,
ast-00131,comp-001,cat-01,Laptop,AST-00131,HP,ProBook 450 G10,HP-LAPT-92750-7135,2025-02-06,2219.91,2029-02-05,assigned,poor,,Jakarta HQ - Floor 1,
ast-00132,comp-001,cat-04,Smartphone,AST-00132,Apple,iPhone 15,APP-SMAR-75743-9678,2020-10-23,1338.59,2023-10-23,assigned,good,,Jakarta HQ - Floor 5,
ast-00133,comp-001,cat-02,Desktop,AST-00133,Apple,Mac Studio M2 Max,APP-DESK-56171-3990,2023-06-22,1702.92,2025-06-21,available,new,,Jakarta HQ - Floor 1,
ast-00134,comp-001,cat-01,Laptop,AST-00134,HP,EliteBook 840 G10,HP-LAPT-18224-6589,2021-10-18,3474.88,2025-10-17,assigned,fair,,Warehouse - Jakarta,
ast-00135,comp-001,cat-03,Monitor,AST-00135,HP,E27u G5 27 4K,HP-MONI-86810-5136,2022-03-14,741.02,2026-03-13,retired,fair,,Jakarta HQ - Floor 1,
ast-00136,comp-001,cat-10,Peripheral,AST-00136,Logitech,MX Master 3S Mouse,LOG-PERI-30363-1639,2020-03-27,179.25,2023-03-27,assigned,good,,Jakarta HQ - Floor 3,
ast-00137,comp-001,cat-01,Laptop,AST-00137,Lenovo,ThinkPad X1 Carbon Gen 11,LEN-LAPT-59204-2908,2024-01-12,3002.14,2026-01-11,available,good,,Jakarta HQ - Floor 5,
ast-00138,comp-001,cat-08,Router,AST-00138,Cisco,ISR 4321,CIS-ROUT-39925-1149,2022-02-02,1276.06,2026-02-01,assigned,good,,Jakarta HQ - Floor 5,
ast-00139,comp-001,cat-09,Tablet,AST-00139,Samsung,Galaxy Tab S9 FE,SAM-TABL-56710-8046,2020-09-08,612.55,2023-09-08,available,good,,Jakarta HQ - Floor 5,
ast-00140,comp-001,cat-01,Laptop,AST-00140,Lenovo,ThinkPad T14s Gen 4,LEN-LAPT-72719-5225,2024-01-13,1759.12,2028-01-12,maintenance,good,,Jakarta HQ - Floor 1,
ast-00141,comp-001,cat-01,Laptop,AST-00141,Apple,MacBook Pro 14 M3,APP-LAPT-11620-8812,2023-05-16,2578.35,2026-05-15,assigned,good,,Warehouse - Jakarta,
ast-00142,comp-001,cat-04,Smartphone,AST-00142,Apple,iPhone 15 Pro,APP-SMAR-99434-2536,2025-02-23,940.52,2029-02-22,available,good,,Branch - Surabaya,
ast-00143,comp-001,cat-03,Monitor,AST-00143,Dell,P2423DE 24 16:9,DEL-MONI-99749-2677,2021-02-08,1109.62,2024-02-08,available,good,,Jakarta HQ - Floor 2,
ast-00144,comp-001,cat-01,Laptop,AST-00144,Lenovo,ThinkPad X1 Carbon Gen 11,LEN-LAPT-26673-6350,2021-07-16,1249.20,2025-07-15,available,good,,Data Center - Jakarta,
ast-00145,comp-001,cat-01,Laptop,AST-00145,Dell,XPS 15 9530,DEL-LAPT-93673-8587,2025-05-07,3090.59,2029-05-06,assigned,new,,Data Center - Jakarta,
ast-00146,comp-001,cat-03,Monitor,AST-00146,HP,E27u G5 27 4K,HP-MONI-52064-1316,2021-01-19,700.73,2025-01-18,available,good,,Jakarta HQ - Floor 2,
ast-00147,comp-001,cat-08,Router,AST-00147,Cisco,ISR 1100-8P,CIS-ROUT-45318-5908,2020-03-08,1514.22,2022-03-08,assigned,good,,Warehouse - Jakarta,
ast-00148,comp-001,cat-01,Laptop,AST-00148,Lenovo,ThinkPad X1 Carbon Gen 11,LEN-LAPT-55971-8907,2025-07-09,1374.56,2029-07-08,available,good,,Jakarta HQ - Floor 5,
ast-00149,comp-001,cat-01,Laptop,AST-00149,Dell,XPS 15 9530,DEL-LAPT-87788-3360,2024-09-13,1855.32,2026-09-13,available,new,,Warehouse - Bandung,
ast-00150,comp-001,cat-08,Router,AST-00150,Cisco,ISR 1100-8P,CIS-ROUT-14872-6808,2021-08-16,548.86,2023-08-16,assigned,fair,,Remote - WFH,
ast-00151,comp-001,cat-02,Desktop,AST-00151,Dell,OptiPlex 7000 Tower,DEL-DESK-29903-5824,2021-04-30,1706.37,2024-04-29,maintenance,good,,Branch - Surabaya,
ast-00152,comp-001,cat-09,Tablet,AST-00152,Samsung,Galaxy Tab S9 Ultra,SAM-TABL-56459-3195,2025-10-04,1107.79,2026-10-04,available,poor,,Jakarta HQ - Floor 5,
ast-00153,comp-001,cat-01,Laptop,AST-00153,HP,EliteBook 840 G10,HP-LAPT-39798-8175,2020-06-24,3107.34,2023-06-24,assigned,good,,Remote - WFH,
ast-00154,comp-001,cat-01,Laptop,AST-00154,Dell,XPS 15 9530,DEL-LAPT-23981-4184,2022-08-30,2607.80,2026-08-29,available,damaged,,Jakarta HQ - Floor 5,
ast-00155,comp-001,cat-08,Router,AST-00155,Fortinet,FortiGate 60F,FOR-ROUT-75887-5542,2021-02-11,1852.76,2024-02-11,assigned,new,,Jakarta HQ - Floor 3,
ast-00156,comp-001,cat-10,Peripheral,AST-00156,Poly,Voyager 5200 Headset,POL-PERI-54833-7091,2022-10-31,152.34,2026-10-30,assigned,good,,Jakarta HQ - Floor 5,
ast-00157,comp-001,cat-07,Network Switch,AST-00157,Juniper,EX3400-48P,JUN-NETW-34063-9571,2020-10-02,739.35,2024-10-01,available,fair,,Jakarta HQ - Floor 5,
ast-00158,comp-001,cat-07,Network Switch,AST-00158,Cisco,Catalyst 9200-48P,CIS-NETW-47439-2977,2020-12-12,3381.55,2023-12-12,assigned,good,,Remote - WFH,
ast-00159,comp-001,cat-05,Printer,AST-00159,HP,LaserJet Pro M404dn,HP-PRIN-20651-8268,2022-09-22,1559.00,2026-09-21,assigned,good,,Remote - WFH,
ast-00160,comp-001,cat-03,Monitor,AST-00160,Dell,P2423DE 24 16:9,DEL-MONI-69152-1339,2021-05-18,1122.99,2024-05-17,maintenance,fair,,Data Center - Jakarta,
ast-00161,comp-001,cat-07,Network Switch,AST-00161,Cisco,Catalyst 9300-48P,CIS-NETW-62124-5746,2020-10-02,1639.92,2021-10-02,assigned,fair,,Warehouse - Bandung,
ast-00162,comp-001,cat-04,Smartphone,AST-00162,Apple,iPhone 15,APP-SMAR-40827-3361,2020-06-26,932.18,2024-06-25,available,good,,Remote - WFH,
ast-00163,comp-001,cat-01,Laptop,AST-00163,Apple,MacBook Pro 14 M3,APP-LAPT-95378-7547,2020-09-19,2410.01,2024-09-18,assigned,damaged,,Jakarta HQ - Floor 5,
ast-00164,comp-001,cat-07,Network Switch,AST-00164,MikroTik,CRS326-24G-2S+RM,MIK-NETW-39542-8710,2020-11-23,710.19,2023-11-23,assigned,fair,,Remote - WFH,
ast-00165,comp-001,cat-06,Server,AST-00165,Dell,PowerEdge R650,DEL-SERV-76701-6650,2020-08-07,11347.50,2023-08-07,assigned,fair,,Data Center - Jakarta,
ast-00166,comp-001,cat-04,Smartphone,AST-00166,Apple,iPhone 15,APP-SMAR-19765-9282,2021-02-27,913.78,2025-02-26,available,good,,Jakarta HQ - Floor 1,
ast-00167,comp-001,cat-01,Laptop,AST-00167,ASUS,ZenBook 14 OLED,ASU-LAPT-54262-3402,2025-02-26,3478.18,2029-02-25,available,good,,Data Center - Jakarta,
ast-00168,comp-001,cat-10,Peripheral,AST-00168,Poly,Voyager 5200 Headset,POL-PERI-50135-8286,2020-08-29,120.12,2024-08-28,assigned,new,,Jakarta HQ - Floor 3,
ast-00169,comp-001,cat-02,Desktop,AST-00169,Apple,Mac Studio M2 Max,APP-DESK-95002-6917,2021-11-02,1482.88,2024-11-01,assigned,fair,,Jakarta HQ - Floor 2,
ast-00170,comp-001,cat-03,Monitor,AST-00170,Dell,U2723QE 4K USB-C Hub,DEL-MONI-35730-3750,2022-11-17,1191.55,2026-11-16,assigned,good,,Jakarta HQ - Floor 3,
ast-00171,comp-001,cat-10,Peripheral,AST-00171,Logitech,C922 Pro Webcam,LOG-PERI-68186-5082,2021-09-30,184.72,2023-09-30,assigned,fair,,Jakarta HQ - Floor 4,
ast-00172,comp-001,cat-10,Peripheral,AST-00172,Logitech,MX Keys Keyboard,LOG-PERI-70630-5498,2021-10-30,113.25,2023-10-30,available,good,,Jakarta HQ - Floor 3,
ast-00173,comp-001,cat-10,Peripheral,AST-00173,Jabra,Evolve2 65 Headset,JAB-PERI-91188-5071,2022-08-19,210.49,2024-08-18,available,good,,Warehouse - Bandung,
ast-00174,comp-001,cat-03,Monitor,AST-00174,Dell,P2423DE 24 16:9,DEL-MONI-80713-3614,2024-12-08,714.92,2026-12-08,available,new,,Jakarta HQ - Floor 5,
ast-00175,comp-001,cat-06,Server,AST-00175,HP,ProLiant DL380 Gen11,HP-SERV-78925-8619,2020-08-07,4813.14,2024-08-06,available,good,,Warehouse - Jakarta,
ast-00176,comp-001,cat-01,Laptop,AST-00176,ASUS,ZenBook 14 OLED,ASU-LAPT-31246-1431,2020-01-16,2180.34,2021-01-15,available,new,,Jakarta HQ - Floor 2,
ast-00177,comp-001,cat-03,Monitor,AST-00177,LG,27UP850N 27 4K,LG-MONI-41321-6976,2025-06-15,1002.79,2026-06-15,assigned,poor,,Jakarta HQ - Floor 4,
ast-00178,comp-001,cat-03,Monitor,AST-00178,Dell,U2723QE 4K USB-C Hub,DEL-MONI-31162-5304,2024-02-02,576.73,2025-02-01,assigned,good,,Warehouse - Jakarta,
ast-00179,comp-001,cat-01,Laptop,AST-00179,Apple,MacBook Pro 14 M3,APP-LAPT-19483-2139,2020-10-24,2560.88,2022-10-24,assigned,fair,,Warehouse - Jakarta,
ast-00180,comp-001,cat-04,Smartphone,AST-00180,Apple,iPhone 15,APP-SMAR-70518-7990,2024-08-17,1052.01,2026-08-17,assigned,fair,,Jakarta HQ - Floor 1,
ast-00181,comp-001,cat-04,Smartphone,AST-00181,Samsung,Galaxy S24,SAM-SMAR-80948-7281,2023-05-25,948.93,2026-05-24,assigned,good,,Jakarta HQ - Floor 1,
ast-00182,comp-001,cat-05,Printer,AST-00182,HP,LaserJet Enterprise M507,HP-PRIN-23185-8261,2022-01-30,1538.35,2025-01-29,available,good,,Remote - WFH,
ast-00183,comp-001,cat-01,Laptop,AST-00183,Lenovo,ThinkPad T14s Gen 4,LEN-LAPT-64686-8615,2022-01-22,1861.57,2024-01-22,maintenance,fair,,Branch - Surabaya,
ast-00184,comp-001,cat-09,Tablet,AST-00184,Microsoft,Surface Pro 9,MIC-TABL-43091-5617,2023-07-30,1051.55,2025-07-29,retired,poor,,Jakarta HQ - Floor 3,
ast-00185,comp-001,cat-01,Laptop,AST-00185,HP,ProBook 450 G10,HP-LAPT-98582-7506,2025-05-08,2542.23,2027-05-08,maintenance,poor,,Warehouse - Bandung,
ast-00186,comp-001,cat-08,Router,AST-00186,Cisco,ISR 4321,CIS-ROUT-44151-4310,2025-12-22,610.43,2027-12-22,maintenance,good,,Jakarta HQ - Floor 3,
ast-00187,comp-001,cat-01,Laptop,AST-00187,HP,ProBook 450 G10,HP-LAPT-44491-8190,2024-01-13,1275.18,2027-01-12,available,good,,Warehouse - Bandung,
ast-00188,comp-001,cat-03,Monitor,AST-00188,Dell,U2723QE 4K USB-C Hub,DEL-MONI-91691-4608,2023-04-04,1071.50,2027-04-03,assigned,fair,,Jakarta HQ - Floor 2,
ast-00189,comp-001,cat-06,Server,AST-00189,Dell,PowerEdge R750xs,DEL-SERV-37131-3359,2023-01-02,3935.97,2024-01-02,assigned,new,,Jakarta HQ - Floor 1,
ast-00190,comp-001,cat-07,Network Switch,AST-00190,Juniper,EX3400-48P,JUN-NETW-24456-6291,2022-07-16,3792.50,2025-07-15,assigned,fair,,Warehouse - Bandung,
ast-00191,comp-001,cat-04,Smartphone,AST-00191,Samsung,Galaxy S24,SAM-SMAR-81555-3592,2021-05-20,642.07,2023-05-20,assigned,good,,Jakarta HQ - Floor 2,
ast-00192,comp-001,cat-10,Peripheral,AST-00192,Jabra,Evolve2 65 Headset,JAB-PERI-37151-8174,2020-02-07,241.42,2021-02-06,assigned,fair,,Data Center - Jakarta,
ast-00193,comp-001,cat-01,Laptop,AST-00193,Apple,MacBook Air 15 M3,APP-LAPT-51545-4274,2024-08-07,2725.74,2027-08-07,assigned,good,,Warehouse - Jakarta,
ast-00194,comp-001,cat-01,Laptop,AST-00194,Apple,MacBook Pro 14 M3,APP-LAPT-73898-4552,2024-10-20,1802.55,2028-10-19,lost,new,,Jakarta HQ - Floor 2,
ast-00195,comp-001,cat-10,Peripheral,AST-00195,Jabra,Evolve2 65 Headset,JAB-PERI-82432-7242,2025-04-09,129.79,2027-04-09,available,good,,Jakarta HQ - Floor 3,
ast-00196,comp-001,cat-09,Tablet,AST-00196,Apple,iPad Air M1,APP-TABL-48088-6165,2020-03-28,988.45,2024-03-27,assigned,new,,Jakarta HQ - Floor 2,
ast-00197,comp-001,cat-01,Laptop,AST-00197,Lenovo,ThinkPad T14s Gen 4,LEN-LAPT-24432-3652,2024-09-07,2358.40,2026-09-07,available,good,,Branch - Surabaya,
ast-00198,comp-001,cat-01,Laptop,AST-00198,HP,ProBook 450 G10,HP-LAPT-39504-2968,2024-05-08,3281.85,2027-05-08,available,new,,Jakarta HQ - Floor 2,
ast-00199,comp-001,cat-10,Peripheral,AST-00199,Logitech,C922 Pro Webcam,LOG-PERI-67478-3539,2023-12-13,288.22,2025-12-12,available,damaged,,Branch - Surabaya,
ast-00200,comp-001,cat-01,Laptop,AST-00200,Lenovo,ThinkPad T14s Gen 4,LEN-LAPT-84934-6111,2025-04-16,2742.00,2029-04-15,assigned,new,,Branch - Surabaya,
ast-00201,comp-001,cat-01,Laptop,AST-00201,ASUS,ZenBook 14 OLED,ASU-LAPT-67760-7746,2023-08-10,3136.12,2026-08-09,available,good,,Jakarta HQ - Floor 1,
ast-00202,comp-001,cat-07,Network Switch,AST-00202,Ubiquiti,UniFi Switch Pro 48,UBI-NETW-65089-3653,2025-07-10,2415.03,2026-07-10,lost,fair,,Warehouse - Bandung,
ast-00203,comp-001,cat-01,Laptop,AST-00203,Lenovo,ThinkPad X1 Carbon Gen 11,LEN-LAPT-33825-3717,2023-03-18,2633.82,2027-03-17,assigned,new,,Jakarta HQ - Floor 5,
ast-00204,comp-001,cat-01,Laptop,AST-00204,Dell,Latitude 5540,DEL-LAPT-94330-2960,2020-08-25,1760.75,2023-08-25,assigned,fair,,Remote - WFH,
ast-00205,comp-001,cat-04,Smartphone,AST-00205,Apple,iPhone 15,APP-SMAR-33426-9497,2023-07-04,1339.19,2024-07-03,available,fair,,Warehouse - Jakarta,
ast-00206,comp-001,cat-01,Laptop,AST-00206,HP,EliteBook 840 G10,HP-LAPT-49176-4085,2021-02-08,3479.89,2022-02-08,assigned,good,,Jakarta HQ - Floor 2,
ast-00207,comp-001,cat-01,Laptop,AST-00207,ASUS,ZenBook 14 OLED,ASU-LAPT-33687-6152,2025-11-06,2717.22,2027-11-06,available,good,,Jakarta HQ - Floor 5,
ast-00208,comp-001,cat-04,Smartphone,AST-00208,Apple,iPhone 14,APP-SMAR-92403-3871,2021-01-23,923.81,2022-01-23,assigned,good,,Remote - WFH,
ast-00209,comp-001,cat-04,Smartphone,AST-00209,Apple,iPhone 15,APP-SMAR-65060-9385,2022-05-15,1499.80,2024-05-14,retired,good,,Jakarta HQ - Floor 4,
ast-00210,comp-001,cat-09,Tablet,AST-00210,Apple,iPad Air M1,APP-TABL-71675-7804,2020-12-14,1189.24,2024-12-13,assigned,good,,Jakarta HQ - Floor 1,
ast-00211,comp-001,cat-10,Peripheral,AST-00211,Poly,Voyager 5200 Headset,POL-PERI-25962-9024,2020-08-28,125.08,2024-08-27,assigned,fair,,Warehouse - Jakarta,
ast-00212,comp-001,cat-02,Desktop,AST-00212,HP,EliteDesk 800 G9,HP-DESK-24735-1647,2023-02-05,2276.06,2026-02-04,assigned,poor,,Jakarta HQ - Floor 4,
ast-00213,comp-001,cat-01,Laptop,AST-00213,Microsoft,Surface Laptop 5,MIC-LAPT-70246-8511,2022-01-02,2334.64,2023-01-02,assigned,new,,Jakarta HQ - Floor 3,
ast-00214,comp-001,cat-01,Laptop,AST-00214,Dell,XPS 15 9530,DEL-LAPT-90092-7119,2022-04-19,1276.64,2025-04-18,available,good,,Jakarta HQ - Floor 5,
ast-00215,comp-001,cat-03,Monitor,AST-00215,HP,E27u G5 27 4K,HP-MONI-38826-4378,2020-11-03,687.38,2022-11-03,assigned,good,,Branch - Surabaya,
ast-00216,comp-001,cat-02,Desktop,AST-00216,HP,EliteDesk 800 G9,HP-DESK-58984-3693,2025-01-25,2606.77,2028-01-25,assigned,fair,,Jakarta HQ - Floor 5,
ast-00217,comp-001,cat-03,Monitor,AST-00217,Samsung,S27A800 27 4K,SAM-MONI-23466-6246,2022-07-27,581.92,2023-07-27,maintenance,repairing,,Branch - Surabaya,
ast-00218,comp-001,cat-04,Smartphone,AST-00218,Samsung,Galaxy S24,SAM-SMAR-56529-7735,2022-01-27,613.89,2024-01-27,maintenance,good,,Jakarta HQ - Floor 4,
ast-00219,comp-001,cat-03,Monitor,AST-00219,Dell,U2723QE 4K USB-C Hub,DEL-MONI-83048-9856,2024-09-12,987.08,2027-09-12,available,good,,Branch - Surabaya,
ast-00220,comp-001,cat-09,Tablet,AST-00220,Apple,iPad Pro 12.9 M2,APP-TABL-46232-1191,2022-09-08,755.05,2024-09-07,assigned,good,,Jakarta HQ - Floor 5,
ast-00221,comp-001,cat-03,Monitor,AST-00221,Dell,U2723QE 4K USB-C Hub,DEL-MONI-67114-4977,2024-02-12,1034.26,2028-02-11,assigned,new,,Jakarta HQ - Floor 5,
ast-00222,comp-001,cat-03,Monitor,AST-00222,Dell,U2723QE 4K USB-C Hub,DEL-MONI-71503-4144,2025-10-29,555.25,2027-10-29,maintenance,fair,,Jakarta HQ - Floor 2,
ast-00223,comp-001,cat-07,Network Switch,AST-00223,Ubiquiti,UniFi Switch Pro 48,UBI-NETW-96400-4382,2023-02-13,1153.07,2024-02-13,maintenance,fair,,Branch - Surabaya,
ast-00224,comp-001,cat-02,Desktop,AST-00224,HP,EliteDesk 800 G9,HP-DESK-36707-8974,2024-11-01,1741.81,2027-11-01,available,new,,Remote - WFH,
ast-00225,comp-001,cat-02,Desktop,AST-00225,Dell,OptiPlex 7000 Tower,DEL-DESK-27739-9023,2023-04-16,1253.89,2024-04-15,available,damaged,,Data Center - Jakarta,
ast-00226,comp-001,cat-03,Monitor,AST-00226,LG,27UP850N 27 4K,LG-MONI-72801-7843,2023-01-06,862.97,2027-01-05,maintenance,good,,Jakarta HQ - Floor 3,
ast-00227,comp-001,cat-01,Laptop,AST-00227,Dell,Latitude 5540,DEL-LAPT-12911-9416,2020-12-10,3073.52,2021-12-10,assigned,fair,,Jakarta HQ - Floor 3,
ast-00228,comp-001,cat-05,Printer,AST-00228,Canon,imageRUNNER 2630i,CAN-PRIN-85036-7003,2021-07-17,497.11,2023-07-17,assigned,fair,,Data Center - Jakarta,
ast-00229,comp-001,cat-01,Laptop,AST-00229,Lenovo,ThinkPad X1 Carbon Gen 11,LEN-LAPT-92775-7361,2022-05-20,3129.04,2026-05-19,available,fair,,Jakarta HQ - Floor 5,
ast-00230,comp-001,cat-01,Laptop,AST-00230,Dell,Latitude 5540,DEL-LAPT-27837-5934,2020-01-20,1797.34,2022-01-19,retired,good,,Jakarta HQ - Floor 2,
ast-00231,comp-001,cat-09,Tablet,AST-00231,Microsoft,Surface Pro 9,MIC-TABL-36096-7187,2021-06-24,628.38,2022-06-24,available,new,,Jakarta HQ - Floor 1,
ast-00232,comp-001,cat-01,Laptop,AST-00232,Dell,Latitude 5540,DEL-LAPT-30663-2131,2020-07-22,3189.77,2023-07-22,assigned,fair,,Jakarta HQ - Floor 4,
ast-00233,comp-001,cat-07,Network Switch,AST-00233,MikroTik,CRS326-24G-2S+RM,MIK-NETW-72947-1798,2023-10-31,2447.83,2024-10-30,assigned,fair,,Jakarta HQ - Floor 3,
ast-00234,comp-001,cat-10,Peripheral,AST-00234,Logitech,C922 Pro Webcam,LOG-PERI-21701-6810,2021-11-13,208.33,2025-11-12,available,poor,,Jakarta HQ - Floor 1,
ast-00235,comp-001,cat-07,Network Switch,AST-00235,Juniper,EX3400-48P,JUN-NETW-75647-8673,2024-06-14,2947.49,2027-06-14,available,good,,Remote - WFH,
ast-00236,comp-001,cat-10,Peripheral,AST-00236,Logitech,MX Keys Keyboard,LOG-PERI-96126-1487,2025-09-04,218.71,2027-09-04,assigned,good,,Data Center - Jakarta,
ast-00237,comp-001,cat-01,Laptop,AST-00237,Apple,MacBook Air 15 M3,APP-LAPT-49432-1787,2021-01-25,1715.92,2022-01-25,assigned,new,,Jakarta HQ - Floor 1,
ast-00238,comp-001,cat-10,Peripheral,AST-00238,Logitech,MX Keys Keyboard,LOG-PERI-79847-4902,2020-11-07,211.40,2023-11-07,maintenance,good,,Warehouse - Bandung,
ast-00239,comp-001,cat-01,Laptop,AST-00239,Lenovo,ThinkPad T14s Gen 4,LEN-LAPT-45455-9684,2022-07-08,2704.34,2024-07-07,retired,good,,Jakarta HQ - Floor 3,
ast-00240,comp-001,cat-07,Network Switch,AST-00240,MikroTik,CRS326-24G-2S+RM,MIK-NETW-61575-4401,2025-03-17,3687.21,2027-03-17,assigned,good,,Jakarta HQ - Floor 3,
ast-00241,comp-001,cat-03,Monitor,AST-00241,Dell,U2723QE 4K USB-C Hub,DEL-MONI-45572-3404,2025-02-24,596.53,2028-02-24,assigned,good,,Jakarta HQ - Floor 4,
ast-00242,comp-001,cat-01,Laptop,AST-00242,Apple,MacBook Air 15 M3,APP-LAPT-40183-3871,2023-10-14,3290.55,2025-10-13,assigned,fair,,Data Center - Jakarta,
ast-00243,comp-001,cat-01,Laptop,AST-00243,Lenovo,ThinkPad T14s Gen 4,LEN-LAPT-68475-3806,2021-05-15,3131.24,2024-05-14,assigned,good,,Data Center - Jakarta,
ast-00244,comp-001,cat-04,Smartphone,AST-00244,Apple,iPhone 15 Pro,APP-SMAR-27141-9266,2021-10-14,1056.85,2023-10-14,available,good,,Jakarta HQ - Floor 5,
ast-00245,comp-001,cat-01,Laptop,AST-00245,Microsoft,Surface Laptop 5,MIC-LAPT-65976-4566,2023-04-06,1234.89,2027-04-05,available,good,,Data Center - Jakarta,
ast-00246,comp-001,cat-03,Monitor,AST-00246,HP,E27u G5 27 4K,HP-MONI-91798-1901,2021-07-13,793.55,2024-07-12,available,good,,Warehouse - Jakarta,
ast-00247,comp-001,cat-01,Laptop,AST-00247,Microsoft,Surface Laptop 5,MIC-LAPT-57780-7108,2020-11-22,2945.82,2024-11-21,available,good,,Jakarta HQ - Floor 2,
ast-00248,comp-001,cat-03,Monitor,AST-00248,Samsung,S27A800 27 4K,SAM-MONI-26287-8711,2023-11-10,740.89,2026-11-09,maintenance,good,,Jakarta HQ - Floor 5,
ast-00249,comp-001,cat-04,Smartphone,AST-00249,Apple,iPhone 15,APP-SMAR-17191-6560,2020-12-27,924.36,2021-12-27,assigned,good,,Jakarta HQ - Floor 5,
ast-00250,comp-001,cat-01,Laptop,AST-00250,Dell,XPS 15 9530,DEL-LAPT-49889-9580,2021-06-14,1715.62,2022-06-14,assigned,good,,Data Center - Jakarta,
ast-00251,comp-001,cat-08,Router,AST-00251,Cisco,ISR 1100-8P,CIS-ROUT-22894-9361,2020-01-22,1009.13,2022-01-21,maintenance,poor,,Branch - Surabaya,
ast-00252,comp-001,cat-10,Peripheral,AST-00252,Logitech,MX Master 3S Mouse,LOG-PERI-62285-9808,2020-06-07,245.84,2022-06-07,available,good,,Warehouse - Bandung,
ast-00253,comp-001,cat-06,Server,AST-00253,Dell,PowerEdge R750xs,DEL-SERV-70171-2999,2025-01-30,5132.71,2028-01-30,assigned,good,,Jakarta HQ - Floor 4,
ast-00254,comp-001,cat-01,Laptop,AST-00254,Lenovo,ThinkPad X1 Carbon Gen 11,LEN-LAPT-35730-1733,2025-04-19,3449.61,2028-04-18,available,good,,Jakarta HQ - Floor 1,
ast-00255,comp-001,cat-04,Smartphone,AST-00255,Apple,iPhone 14,APP-SMAR-34567-6346,2020-03-25,1069.42,2022-03-25,available,new,,Branch - Surabaya,
ast-00256,comp-001,cat-04,Smartphone,AST-00256,Google,Pixel 8 Pro,GOO-SMAR-30472-6240,2023-05-25,676.15,2024-05-24,assigned,fair,,Jakarta HQ - Floor 3,
ast-00257,comp-001,cat-04,Smartphone,AST-00257,Samsung,Galaxy S24 Ultra,SAM-SMAR-82983-9963,2025-09-28,1340.16,2026-09-28,assigned,poor,,Jakarta HQ - Floor 2,
ast-00258,comp-001,cat-01,Laptop,AST-00258,HP,EliteBook 840 G10,HP-LAPT-52764-9389,2021-02-12,1422.67,2024-02-12,available,new,,Jakarta HQ - Floor 1,
ast-00259,comp-001,cat-01,Laptop,AST-00259,HP,ProBook 450 G10,HP-LAPT-67250-4434,2023-02-27,2430.77,2026-02-26,available,fair,,Jakarta HQ - Floor 3,
ast-00260,comp-001,cat-10,Peripheral,AST-00260,Logitech,C922 Pro Webcam,LOG-PERI-81544-5236,2020-02-29,293.49,2023-02-28,assigned,good,,Branch - Surabaya,
ast-00261,comp-001,cat-01,Laptop,AST-00261,Microsoft,Surface Laptop 5,MIC-LAPT-78044-7782,2024-04-17,2391.20,2025-04-17,available,good,,Jakarta HQ - Floor 2,
ast-00262,comp-001,cat-01,Laptop,AST-00262,Apple,MacBook Pro 14 M3,APP-LAPT-56726-7753,2020-12-29,2313.07,2024-12-28,assigned,good,,Jakarta HQ - Floor 2,
ast-00263,comp-001,cat-01,Laptop,AST-00263,Microsoft,Surface Laptop 5,MIC-LAPT-38343-2531,2025-08-29,2129.20,2027-08-29,available,poor,,Jakarta HQ - Floor 2,
ast-00264,comp-001,cat-08,Router,AST-00264,MikroTik,RB4011iGS+RM,MIK-ROUT-26336-7038,2021-09-04,1580.25,2022-09-04,assigned,good,,Data Center - Jakarta,
ast-00265,comp-001,cat-01,Laptop,AST-00265,HP,ProBook 450 G10,HP-LAPT-90860-8663,2025-10-12,1761.83,2026-10-12,assigned,fair,,Warehouse - Bandung,
ast-00266,comp-001,cat-01,Laptop,AST-00266,Apple,MacBook Pro 14 M3,APP-LAPT-37111-5168,2021-02-08,1431.47,2024-02-08,assigned,repairing,,Jakarta HQ - Floor 1,
ast-00267,comp-001,cat-01,Laptop,AST-00267,HP,EliteBook 840 G10,HP-LAPT-27837-3622,2025-04-28,3331.39,2029-04-27,available,good,,Warehouse - Jakarta,
ast-00268,comp-001,cat-06,Server,AST-00268,Dell,PowerEdge R750xs,DEL-SERV-66415-2663,2023-04-03,4217.72,2026-04-02,available,new,,Jakarta HQ - Floor 3,
ast-00269,comp-001,cat-04,Smartphone,AST-00269,Xiaomi,13T Pro,XIA-SMAR-98644-7045,2020-12-06,1319.11,2022-12-06,available,good,,Remote - WFH,
ast-00270,comp-001,cat-01,Laptop,AST-00270,Lenovo,ThinkPad T14s Gen 4,LEN-LAPT-47748-6560,2021-01-30,2616.67,2022-01-30,available,new,,Data Center - Jakarta,
ast-00271,comp-001,cat-08,Router,AST-00271,Fortinet,FortiGate 60F,FOR-ROUT-58913-3686,2022-10-16,1271.62,2024-10-15,available,poor,,Jakarta HQ - Floor 4,
ast-00272,comp-001,cat-04,Smartphone,AST-00272,Samsung,Galaxy S24 Ultra,SAM-SMAR-97366-6451,2024-09-11,1255.78,2028-09-10,assigned,new,,Remote - WFH,
ast-00273,comp-001,cat-01,Laptop,AST-00273,Dell,Latitude 5540,DEL-LAPT-59583-5867,2023-01-15,1824.85,2025-01-14,available,good,,Jakarta HQ - Floor 1,
ast-00274,comp-001,cat-02,Desktop,AST-00274,Apple,Mac Studio M2 Max,APP-DESK-97644-8760,2023-02-22,887.06,2024-02-22,assigned,good,,Remote - WFH,
ast-00275,comp-001,cat-03,Monitor,AST-00275,Samsung,S27A800 27 4K,SAM-MONI-84542-5656,2020-06-21,468.21,2021-06-21,assigned,good,,Jakarta HQ - Floor 2,
ast-00276,comp-001,cat-03,Monitor,AST-00276,Samsung,S27A800 27 4K,SAM-MONI-83222-3552,2023-07-03,465.38,2026-07-02,available,repairing,,Branch - Surabaya,
ast-00277,comp-001,cat-05,Printer,AST-00277,Canon,imageRUNNER 2630i,CAN-PRIN-58338-5188,2021-04-29,395.13,2023-04-29,available,new,,Warehouse - Jakarta,
ast-00278,comp-001,cat-10,Peripheral,AST-00278,Logitech,C922 Pro Webcam,LOG-PERI-83164-7659,2020-04-05,274.09,2023-04-05,assigned,good,,Jakarta HQ - Floor 1,
ast-00279,comp-001,cat-01,Laptop,AST-00279,Apple,MacBook Pro 14 M3,APP-LAPT-99535-8303,2020-07-15,1953.04,2021-07-15,retired,good,,Jakarta HQ - Floor 1,
ast-00280,comp-001,cat-04,Smartphone,AST-00280,Apple,iPhone 15 Pro,APP-SMAR-90714-5646,2020-12-18,798.97,2021-12-18,assigned,good,,Warehouse - Jakarta,
ast-00281,comp-001,cat-02,Desktop,AST-00281,Apple,Mac Mini M2,APP-DESK-32327-2990,2022-05-09,2011.14,2024-05-08,maintenance,poor,,Warehouse - Bandung,
ast-00282,comp-001,cat-10,Peripheral,AST-00282,Logitech,MX Master 3S Mouse,LOG-PERI-49593-4694,2022-11-19,78.29,2026-11-18,retired,fair,,Data Center - Jakarta,
ast-00283,comp-001,cat-04,Smartphone,AST-00283,Samsung,Galaxy S24 Ultra,SAM-SMAR-73626-8992,2020-10-25,1067.31,2023-10-25,available,poor,,Branch - Surabaya,
ast-00284,comp-001,cat-06,Server,AST-00284,Lenovo,ThinkSystem SR650 V3,LEN-SERV-46051-1754,2022-12-14,6191.32,2025-12-13,available,new,,Jakarta HQ - Floor 3,
ast-00285,comp-001,cat-07,Network Switch,AST-00285,Cisco,Catalyst 9200-48P,CIS-NETW-24458-6730,2025-09-26,3055.28,2027-09-26,available,good,,Jakarta HQ - Floor 2,
ast-00286,comp-001,cat-09,Tablet,AST-00286,Apple,iPad Pro 12.9 M2,APP-TABL-67727-1078,2020-09-04,598.86,2022-09-04,assigned,damaged,,Jakarta HQ - Floor 5,
ast-00287,comp-001,cat-01,Laptop,AST-00287,Dell,XPS 15 9530,DEL-LAPT-43144-3046,2021-01-21,1696.39,2025-01-20,available,good,,Warehouse - Jakarta,
ast-00288,comp-001,cat-04,Smartphone,AST-00288,Apple,iPhone 15 Pro,APP-SMAR-72133-9708,2022-06-06,1192.23,2025-06-05,retired,good,,Data Center - Jakarta,
ast-00289,comp-001,cat-03,Monitor,AST-00289,Dell,U2723QE 4K USB-C Hub,DEL-MONI-27424-7564,2024-05-28,831.57,2027-05-28,available,poor,,Jakarta HQ - Floor 5,
ast-00290,comp-001,cat-03,Monitor,AST-00290,Dell,P2423DE 24 16:9,DEL-MONI-41619-1439,2025-03-31,744.34,2027-03-31,assigned,good,,Branch - Surabaya,
ast-00291,comp-001,cat-01,Laptop,AST-00291,Lenovo,ThinkPad T14s Gen 4,LEN-LAPT-93969-2261,2024-10-08,1223.71,2028-10-07,assigned,good,,Jakarta HQ - Floor 4,
ast-00292,comp-001,cat-01,Laptop,AST-00292,HP,ProBook 450 G10,HP-LAPT-49293-6609,2023-10-09,2561.27,2025-10-08,available,good,,Jakarta HQ - Floor 5,
ast-00293,comp-001,cat-09,Tablet,AST-00293,Samsung,Galaxy Tab S9 FE,SAM-TABL-31741-8179,2023-11-30,819.34,2026-11-29,available,good,,Jakarta HQ - Floor 1,
ast-00294,comp-001,cat-03,Monitor,AST-00294,HP,E27u G5 27 4K,HP-MONI-54263-8295,2020-06-17,541.33,2022-06-17,available,poor,,Jakarta HQ - Floor 3,
ast-00295,comp-001,cat-01,Laptop,AST-00295,Lenovo,ThinkPad X1 Carbon Gen 11,LEN-LAPT-89894-9400,2025-03-24,2337.55,2028-03-23,assigned,poor,,Remote - WFH,
ast-00296,comp-001,cat-09,Tablet,AST-00296,Samsung,Galaxy Tab S9 FE,SAM-TABL-88486-6223,2025-09-01,682.08,2029-08-31,assigned,poor,,Data Center - Jakarta,
ast-00297,comp-001,cat-03,Monitor,AST-00297,HP,E27u G5 27 4K,HP-MONI-42472-3550,2024-08-21,588.30,2025-08-21,maintenance,fair,,Jakarta HQ - Floor 2,
ast-00298,comp-001,cat-05,Printer,AST-00298,Canon,imageRUNNER 2630i,CAN-PRIN-88988-6970,2022-12-31,1516.81,2025-12-30,available,good,,Jakarta HQ - Floor 1,
ast-00299,comp-001,cat-03,Monitor,AST-00299,Dell,P2423DE 24 16:9,DEL-MONI-52802-3541,2022-11-18,633.23,2024-11-17,available,good,,Jakarta HQ - Floor 4,
ast-00300,comp-001,cat-08,Router,AST-00300,Ubiquiti,UniFi Dream Machine SE,UBI-ROUT-15887-6900,2020-04-09,2351.34,2021-04-09,maintenance,good,,Remote - WFH,
ast-00301,comp-001,cat-01,Laptop,AST-00301,HP,EliteBook 840 G10,HP-LAPT-21516-4141,2021-01-23,1967.66,2024-01-23,assigned,fair,,Remote - WFH,
ast-00302,comp-001,cat-09,Tablet,AST-00302,Microsoft,Surface Pro 9,MIC-TABL-21791-3792,2023-02-16,922.65,2027-02-15,available,good,,Jakarta HQ - Floor 4,
ast-00303,comp-001,cat-04,Smartphone,AST-00303,Samsung,Galaxy S24 Ultra,SAM-SMAR-62722-4402,2023-01-20,978.39,2024-01-20,retired,good,,Jakarta HQ - Floor 2,
ast-00304,comp-001,cat-01,Laptop,AST-00304,ASUS,ZenBook 14 OLED,ASU-LAPT-80447-9935,2022-07-24,2741.25,2024-07-23,maintenance,fair,,Warehouse - Jakarta,
ast-00305,comp-001,cat-10,Peripheral,AST-00305,Poly,Voyager 5200 Headset,POL-PERI-50064-8920,2023-05-11,217.22,2024-05-10,maintenance,good,,Branch - Surabaya,
ast-00306,comp-001,cat-01,Laptop,AST-00306,HP,ProBook 450 G10,HP-LAPT-44318-1662,2020-05-06,2458.53,2023-05-06,assigned,poor,,Jakarta HQ - Floor 1,
ast-00307,comp-001,cat-04,Smartphone,AST-00307,Samsung,Galaxy S24 Ultra,SAM-SMAR-43269-3879,2024-07-24,888.87,2026-07-24,available,good,,Jakarta HQ - Floor 3,
ast-00308,comp-001,cat-03,Monitor,AST-00308,Dell,U2723QE 4K USB-C Hub,DEL-MONI-10606-2084,2021-07-10,469.07,2023-07-10,available,good,,Jakarta HQ - Floor 4,
ast-00309,comp-001,cat-03,Monitor,AST-00309,Dell,U2723QE 4K USB-C Hub,DEL-MONI-71803-7016,2025-01-16,976.65,2026-01-16,maintenance,good,,Jakarta HQ - Floor 5,
ast-00310,comp-001,cat-03,Monitor,AST-00310,HP,E27u G5 27 4K,HP-MONI-86989-9139,2025-02-10,433.41,2029-02-09,assigned,good,,Remote - WFH,
ast-00311,comp-001,cat-10,Peripheral,AST-00311,Logitech,MX Keys Keyboard,LOG-PERI-27083-9064,2022-12-04,231.81,2024-12-03,assigned,poor,,Jakarta HQ - Floor 1,
ast-00312,comp-001,cat-01,Laptop,AST-00312,Dell,XPS 15 9530,DEL-LAPT-15054-5452,2023-05-29,2229.49,2024-05-28,lost,good,,Remote - WFH,
ast-00313,comp-001,cat-10,Peripheral,AST-00313,Logitech,MX Master 3S Mouse,LOG-PERI-44608-2012,2024-11-22,230.35,2025-11-22,maintenance,good,,Warehouse - Jakarta,
ast-00314,comp-001,cat-10,Peripheral,AST-00314,Poly,Voyager 5200 Headset,POL-PERI-50455-4936,2023-11-25,125.15,2025-11-24,assigned,good,,Jakarta HQ - Floor 3,
ast-00315,comp-001,cat-04,Smartphone,AST-00315,Apple,iPhone 15 Pro,APP-SMAR-76860-7287,2023-01-18,1329.74,2025-01-17,assigned,good,,Jakarta HQ - Floor 2,
ast-00316,comp-001,cat-01,Laptop,AST-00316,HP,EliteBook 840 G10,HP-LAPT-88747-3627,2025-11-23,2978.97,2029-11-22,available,good,,Jakarta HQ - Floor 3,
ast-00317,comp-001,cat-01,Laptop,AST-00317,Apple,MacBook Pro 14 M3,APP-LAPT-81186-9830,2025-03-04,1474.20,2028-03-03,assigned,fair,,Warehouse - Bandung,
ast-00318,comp-001,cat-01,Laptop,AST-00318,Dell,Latitude 5540,DEL-LAPT-79238-5114,2020-07-05,3383.43,2022-07-05,assigned,fair,,Jakarta HQ - Floor 5,
ast-00319,comp-001,cat-03,Monitor,AST-00319,Dell,U2723QE 4K USB-C Hub,DEL-MONI-39937-8871,2024-11-14,386.46,2025-11-14,retired,damaged,,Jakarta HQ - Floor 5,
ast-00320,comp-001,cat-10,Peripheral,AST-00320,Logitech,MX Master 3S Mouse,LOG-PERI-31060-4035,2024-11-29,142.39,2026-11-29,lost,good,,Jakarta HQ - Floor 2,
ast-00321,comp-001,cat-04,Smartphone,AST-00321,Apple,iPhone 15 Pro,APP-SMAR-18882-9176,2023-06-06,1060.24,2024-06-05,available,poor,,Jakarta HQ - Floor 3,
ast-00322,comp-001,cat-02,Desktop,AST-00322,HP,EliteDesk 800 G9,HP-DESK-84163-2330,2021-07-13,1710.88,2022-07-13,assigned,good,,Remote - WFH,
ast-00323,comp-001,cat-09,Tablet,AST-00323,Apple,iPad Pro 12.9 M2,APP-TABL-69364-4653,2020-08-10,731.58,2022-08-10,available,good,,Jakarta HQ - Floor 4,
ast-00324,comp-001,cat-01,Laptop,AST-00324,Apple,MacBook Pro 14 M3,APP-LAPT-33855-7754,2024-07-24,3372.12,2027-07-24,assigned,poor,,Branch - Surabaya,
ast-00325,comp-001,cat-06,Server,AST-00325,Supermicro,SYS-420GP,SUP-SERV-77302-2947,2023-12-02,3533.59,2026-12-01,available,new,,Warehouse - Bandung,
ast-00326,comp-001,cat-01,Laptop,AST-00326,HP,ProBook 450 G10,HP-LAPT-47509-5311,2020-08-13,3171.30,2024-08-12,available,good,,Jakarta HQ - Floor 5,
ast-00327,comp-001,cat-01,Laptop,AST-00327,Dell,XPS 15 9530,DEL-LAPT-72260-8297,2025-09-29,1340.52,2029-09-28,available,good,,Jakarta HQ - Floor 5,
ast-00328,comp-001,cat-03,Monitor,AST-00328,Dell,U2723QE 4K USB-C Hub,DEL-MONI-25772-4924,2025-08-05,935.56,2029-08-04,assigned,good,,Warehouse - Jakarta,
ast-00329,comp-001,cat-01,Laptop,AST-00329,Lenovo,ThinkPad X1 Carbon Gen 11,LEN-LAPT-87318-2744,2024-08-20,3172.78,2027-08-20,assigned,good,,Jakarta HQ - Floor 5,
ast-00330,comp-001,cat-02,Desktop,AST-00330,Lenovo,ThinkCentre M90s Gen 4,LEN-DESK-69225-7378,2021-06-27,1939.58,2022-06-27,stolen,good,,Warehouse - Jakarta,
ast-00331,comp-001,cat-01,Laptop,AST-00331,HP,ProBook 450 G10,HP-LAPT-24544-7474,2024-11-11,1315.60,2027-11-11,maintenance,good,,Jakarta HQ - Floor 1,
ast-00332,comp-001,cat-01,Laptop,AST-00332,Lenovo,ThinkPad T14s Gen 4,LEN-LAPT-39034-2348,2025-09-05,1279.16,2029-09-04,assigned,good,,Branch - Surabaya,
ast-00333,comp-001,cat-10,Peripheral,AST-00333,Poly,Voyager 5200 Headset,POL-PERI-88727-7670,2021-11-30,120.14,2023-11-30,assigned,good,,Warehouse - Bandung,
ast-00334,comp-001,cat-03,Monitor,AST-00334,HP,E27u G5 27 4K,HP-MONI-49224-4487,2025-10-24,538.99,2028-10-23,assigned,fair,,Jakarta HQ - Floor 4,
ast-00335,comp-001,cat-01,Laptop,AST-00335,Apple,MacBook Air 15 M3,APP-LAPT-27496-2827,2021-01-13,2015.75,2025-01-12,assigned,good,,Branch - Surabaya,
ast-00336,comp-001,cat-05,Printer,AST-00336,HP,LaserJet Enterprise M507,HP-PRIN-50224-4175,2024-09-12,793.99,2028-09-11,available,new,,Warehouse - Bandung,
ast-00337,comp-001,cat-06,Server,AST-00337,HP,ProLiant DL380 Gen11,HP-SERV-40541-1415,2023-06-11,12022.19,2027-06-10,assigned,good,,Branch - Surabaya,
ast-00338,comp-001,cat-01,Laptop,AST-00338,HP,EliteBook 840 G10,HP-LAPT-72824-4580,2020-01-01,3386.33,2020-12-31,available,fair,,Warehouse - Jakarta,
ast-00339,comp-001,cat-08,Router,AST-00339,Cisco,ISR 4321,CIS-ROUT-78065-1589,2022-12-05,624.38,2023-12-05,available,good,,Warehouse - Bandung,
ast-00340,comp-001,cat-01,Laptop,AST-00340,Dell,Latitude 5540,DEL-LAPT-83097-6931,2020-12-05,1512.59,2024-12-04,available,good,,Jakarta HQ - Floor 2,
ast-00341,comp-001,cat-10,Peripheral,AST-00341,Logitech,C922 Pro Webcam,LOG-PERI-62782-7366,2023-04-26,85.84,2025-04-25,assigned,good,,Jakarta HQ - Floor 4,
ast-00342,comp-001,cat-01,Laptop,AST-00342,Lenovo,ThinkPad X1 Carbon Gen 11,LEN-LAPT-12665-6452,2024-07-21,1373.68,2025-07-21,assigned,good,,Warehouse - Jakarta,
ast-00343,comp-001,cat-07,Network Switch,AST-00343,Juniper,EX3400-48P,JUN-NETW-36975-6385,2020-11-21,683.84,2022-11-21,assigned,good,,Jakarta HQ - Floor 1,
ast-00344,comp-001,cat-07,Network Switch,AST-00344,Ubiquiti,UniFi Switch Pro 48,UBI-NETW-63455-9328,2023-05-16,1383.38,2027-05-15,assigned,good,,Jakarta HQ - Floor 4,
ast-00345,comp-001,cat-06,Server,AST-00345,HP,ProLiant DL380 Gen11,HP-SERV-31193-1956,2025-10-31,5359.75,2029-10-30,assigned,new,,Warehouse - Bandung,
ast-00346,comp-001,cat-04,Smartphone,AST-00346,Apple,iPhone 15 Pro,APP-SMAR-84905-7570,2024-07-27,726.94,2028-07-26,maintenance,good,,Jakarta HQ - Floor 5,
ast-00347,comp-001,cat-03,Monitor,AST-00347,Dell,P2423DE 24 16:9,DEL-MONI-84132-2708,2022-04-09,1047.89,2023-04-09,assigned,good,,Warehouse - Jakarta,
ast-00348,comp-001,cat-04,Smartphone,AST-00348,Apple,iPhone 14,APP-SMAR-88118-9131,2022-08-01,637.79,2024-07-31,assigned,fair,,Warehouse - Jakarta,
ast-00349,comp-001,cat-07,Network Switch,AST-00349,Cisco,Catalyst 9200-48P,CIS-NETW-44625-9560,2024-03-08,1608.66,2027-03-08,assigned,damaged,,Warehouse - Jakarta,
ast-00350,comp-001,cat-06,Server,AST-00350,Dell,PowerEdge R650,DEL-SERV-92508-7179,2022-07-07,10196.09,2026-07-06,assigned,poor,,Branch - Surabaya,
ast-00351,comp-001,cat-01,Laptop,AST-00351,HP,EliteBook 840 G10,HP-LAPT-69420-9974,2025-08-09,2313.20,2028-08-08,assigned,new,,Warehouse - Jakarta,
ast-00352,comp-001,cat-01,Laptop,AST-00352,HP,ProBook 450 G10,HP-LAPT-88333-6745,2025-05-27,1671.86,2026-05-27,assigned,good,,Jakarta HQ - Floor 1,
ast-00353,comp-001,cat-10,Peripheral,AST-00353,Jabra,Evolve2 65 Headset,JAB-PERI-70042-9819,2023-08-04,204.03,2027-08-03,assigned,good,,Jakarta HQ - Floor 3,
ast-00354,comp-001,cat-07,Network Switch,AST-00354,MikroTik,CRS326-24G-2S+RM,MIK-NETW-82091-3974,2025-12-06,1086.01,2027-12-06,assigned,good,,Remote - WFH,
ast-00355,comp-001,cat-10,Peripheral,AST-00355,Logitech,C922 Pro Webcam,LOG-PERI-80974-9036,2024-11-20,151.02,2026-11-20,assigned,good,,Jakarta HQ - Floor 3,
ast-00356,comp-001,cat-04,Smartphone,AST-00356,Samsung,Galaxy S24,SAM-SMAR-69381-7542,2021-09-30,1445.92,2023-09-30,assigned,good,,Jakarta HQ - Floor 1,
ast-00357,comp-001,cat-03,Monitor,AST-00357,Dell,P2423DE 24 16:9,DEL-MONI-83925-2832,2023-04-03,769.19,2026-04-02,maintenance,fair,,Jakarta HQ - Floor 1,
ast-00358,comp-001,cat-01,Laptop,AST-00358,ASUS,ZenBook 14 OLED,ASU-LAPT-74364-1663,2021-12-15,3065.79,2024-12-14,maintenance,fair,,Remote - WFH,
ast-00359,comp-001,cat-09,Tablet,AST-00359,Apple,iPad Pro 12.9 M2,APP-TABL-65569-6066,2021-04-25,1065.78,2025-04-24,available,poor,,Warehouse - Bandung,
ast-00360,comp-001,cat-02,Desktop,AST-00360,Apple,Mac Mini M2,APP-DESK-67064-1765,2023-06-15,1842.69,2024-06-14,retired,good,,Warehouse - Bandung,
ast-00361,comp-001,cat-01,Laptop,AST-00361,Microsoft,Surface Laptop 5,MIC-LAPT-11662-8243,2025-05-04,2098.92,2027-05-04,available,good,,Warehouse - Bandung,
ast-00362,comp-001,cat-01,Laptop,AST-00362,HP,EliteBook 840 G10,HP-LAPT-11488-5165,2021-03-04,3411.67,2025-03-03,retired,fair,,Warehouse - Bandung,
ast-00363,comp-001,cat-10,Peripheral,AST-00363,Logitech,MX Keys Keyboard,LOG-PERI-46542-6238,2023-08-28,290.77,2024-08-27,assigned,good,,Remote - WFH,
ast-00364,comp-001,cat-07,Network Switch,AST-00364,Cisco,Catalyst 9300-48P,CIS-NETW-92277-2784,2022-11-02,3474.86,2023-11-02,assigned,fair,,Remote - WFH,
ast-00365,comp-001,cat-01,Laptop,AST-00365,Apple,MacBook Air 15 M3,APP-LAPT-97659-7616,2022-07-31,3260.46,2026-07-30,assigned,good,,Jakarta HQ - Floor 1,
ast-00366,comp-001,cat-04,Smartphone,AST-00366,Samsung,Galaxy S24,SAM-SMAR-88012-8329,2024-09-11,695.22,2028-09-10,retired,good,,Jakarta HQ - Floor 1,
ast-00367,comp-001,cat-03,Monitor,AST-00367,Samsung,S27A800 27 4K,SAM-MONI-24084-1592,2024-03-12,779.91,2025-03-12,available,new,,Branch - Surabaya,
ast-00368,comp-001,cat-10,Peripheral,AST-00368,Poly,Voyager 5200 Headset,POL-PERI-33560-8373,2023-09-18,193.54,2027-09-17,assigned,fair,,Jakarta HQ - Floor 3,
ast-00369,comp-001,cat-01,Laptop,AST-00369,Dell,Latitude 5540,DEL-LAPT-44614-9767,2024-07-31,1379.91,2025-07-31,available,new,,Jakarta HQ - Floor 5,
ast-00370,comp-001,cat-06,Server,AST-00370,Dell,PowerEdge R750xs,DEL-SERV-55609-6690,2024-08-11,12316.30,2025-08-11,available,new,,Jakarta HQ - Floor 3,
ast-00371,comp-001,cat-01,Laptop,AST-00371,Apple,MacBook Air 15 M3,APP-LAPT-35877-5508,2024-05-21,3036.86,2025-05-21,available,fair,,Remote - WFH,
ast-00372,comp-001,cat-10,Peripheral,AST-00372,Jabra,Evolve2 65 Headset,JAB-PERI-38722-9794,2023-08-18,180.83,2024-08-17,available,fair,,Jakarta HQ - Floor 3,
ast-00373,comp-001,cat-01,Laptop,AST-00373,Dell,XPS 15 9530,DEL-LAPT-39834-2778,2025-09-24,3172.75,2027-09-24,assigned,good,,Jakarta HQ - Floor 5,
ast-00374,comp-001,cat-07,Network Switch,AST-00374,MikroTik,CRS326-24G-2S+RM,MIK-NETW-69730-8570,2023-05-31,1526.65,2024-05-30,maintenance,new,,Jakarta HQ - Floor 5,
ast-00375,comp-001,cat-06,Server,AST-00375,Lenovo,ThinkSystem SR650 V3,LEN-SERV-20927-4553,2022-03-23,13784.90,2023-03-23,maintenance,good,,Warehouse - Bandung,
ast-00376,comp-001,cat-06,Server,AST-00376,Supermicro,SYS-420GP,SUP-SERV-30431-2563,2024-10-08,4867.47,2026-10-08,available,fair,,Jakarta HQ - Floor 5,
ast-00377,comp-001,cat-01,Laptop,AST-00377,ASUS,ZenBook 14 OLED,ASU-LAPT-57874-8915,2020-01-08,2903.89,2023-01-07,assigned,good,,Remote - WFH,
ast-00378,comp-001,cat-10,Peripheral,AST-00378,Logitech,C922 Pro Webcam,LOG-PERI-40194-5824,2021-09-20,253.40,2025-09-19,maintenance,new,,Jakarta HQ - Floor 4,
ast-00379,comp-001,cat-09,Tablet,AST-00379,Apple,iPad Air M1,APP-TABL-16128-8676,2022-04-02,905.49,2023-04-02,assigned,good,,Jakarta HQ - Floor 2,
ast-00380,comp-001,cat-10,Peripheral,AST-00380,Poly,Voyager 5200 Headset,POL-PERI-98268-2920,2022-02-13,298.66,2025-02-12,available,poor,,Jakarta HQ - Floor 5,
ast-00381,comp-001,cat-03,Monitor,AST-00381,Dell,U2723QE 4K USB-C Hub,DEL-MONI-18059-6092,2021-10-19,1184.50,2023-10-19,assigned,good,,Branch - Surabaya,
ast-00382,comp-001,cat-03,Monitor,AST-00382,Dell,P2423DE 24 16:9,DEL-MONI-68865-8991,2021-05-04,998.28,2024-05-03,assigned,damaged,,Remote - WFH,
ast-00383,comp-001,cat-10,Peripheral,AST-00383,Jabra,Evolve2 65 Headset,JAB-PERI-88466-7664,2025-05-10,221.50,2026-05-10,assigned,good,,Warehouse - Jakarta,
ast-00384,comp-001,cat-05,Printer,AST-00384,Epson,WorkForce Pro WF-7820,EPS-PRIN-53434-3948,2024-09-15,449.86,2025-09-15,assigned,good,,Jakarta HQ - Floor 3,
ast-00385,comp-001,cat-01,Laptop,AST-00385,Lenovo,ThinkPad T14s Gen 4,LEN-LAPT-61355-5164,2021-01-26,1286.62,2024-01-26,retired,new,,Remote - WFH,
ast-00386,comp-001,cat-07,Network Switch,AST-00386,MikroTik,CRS326-24G-2S+RM,MIK-NETW-44227-9246,2024-02-20,2446.33,2028-02-19,assigned,fair,,Jakarta HQ - Floor 2,
ast-00387,comp-001,cat-10,Peripheral,AST-00387,Jabra,Evolve2 65 Headset,JAB-PERI-35605-4801,2021-06-16,129.16,2022-06-16,assigned,good,,Jakarta HQ - Floor 5,
ast-00388,comp-001,cat-08,Router,AST-00388,Cisco,ISR 1100-8P,CIS-ROUT-42734-6611,2023-06-24,1685.03,2026-06-23,assigned,fair,,Branch - Surabaya,
ast-00389,comp-001,cat-01,Laptop,AST-00389,HP,ProBook 450 G10,HP-LAPT-40802-9733,2022-09-26,2191.81,2026-09-25,assigned,good,,Jakarta HQ - Floor 4,
ast-00390,comp-001,cat-08,Router,AST-00390,Fortinet,FortiGate 60F,FOR-ROUT-12012-1996,2023-06-14,1682.46,2027-06-13,maintenance,good,,Remote - WFH,
ast-00391,comp-001,cat-03,Monitor,AST-00391,Dell,U2723QE 4K USB-C Hub,DEL-MONI-85026-6062,2020-03-04,1146.85,2023-03-04,retired,poor,,Jakarta HQ - Floor 1,
ast-00392,comp-001,cat-05,Printer,AST-00392,Brother,HL-L2370DW,BRO-PRIN-70810-3852,2021-10-08,432.61,2023-10-08,assigned,new,,Warehouse - Bandung,
ast-00393,comp-001,cat-01,Laptop,AST-00393,HP,ProBook 450 G10,HP-LAPT-59310-6433,2020-06-24,1793.58,2022-06-24,available,new,,Warehouse - Jakarta,
ast-00394,comp-001,cat-01,Laptop,AST-00394,Dell,Latitude 5540,DEL-LAPT-50714-6450,2022-03-02,1930.52,2026-03-01,assigned,good,,Jakarta HQ - Floor 3,
ast-00395,comp-001,cat-03,Monitor,AST-00395,Dell,U2723QE 4K USB-C Hub,DEL-MONI-13998-2248,2025-11-23,1181.24,2029-11-22,maintenance,good,,Jakarta HQ - Floor 3,
ast-00396,comp-001,cat-03,Monitor,AST-00396,HP,E27u G5 27 4K,HP-MONI-78869-1810,2022-07-06,456.50,2024-07-05,lost,good,,Jakarta HQ - Floor 5,
ast-00397,comp-001,cat-10,Peripheral,AST-00397,Logitech,MX Master 3S Mouse,LOG-PERI-32906-1646,2022-11-14,213.88,2025-11-13,assigned,poor,,Remote - WFH,
ast-00398,comp-001,cat-01,Laptop,AST-00398,Microsoft,Surface Laptop 5,MIC-LAPT-89496-4329,2025-09-12,1289.16,2028-09-11,maintenance,good,,Warehouse - Bandung,
ast-00399,comp-001,cat-07,Network Switch,AST-00399,Ubiquiti,UniFi Switch Pro 48,UBI-NETW-33510-3587,2024-11-24,2733.09,2026-11-24,retired,fair,,Data Center - Jakarta,
ast-00400,comp-001,cat-03,Monitor,AST-00400,HP,E27u G5 27 4K,HP-MONI-11744-7732,2024-04-22,1025.05,2027-04-22,assigned,good,,Remote - WFH,
ast-00401,comp-001,cat-07,Network Switch,AST-00401,Juniper,EX3400-48P,JUN-NETW-28013-5732,2022-08-02,3971.36,2026-08-01,maintenance,fair,,Remote - WFH,
ast-00402,comp-001,cat-03,Monitor,AST-00402,LG,27UP850N 27 4K,LG-MONI-78665-3451,2023-09-02,1014.97,2026-09-01,assigned,good,,Branch - Surabaya,
ast-00403,comp-001,cat-01,Laptop,AST-00403,Microsoft,Surface Laptop 5,MIC-LAPT-17724-4160,2020-05-23,2920.87,2021-05-23,assigned,good,,Jakarta HQ - Floor 3,
ast-00404,comp-001,cat-07,Network Switch,AST-00404,MikroTik,CRS326-24G-2S+RM,MIK-NETW-10369-4118,2024-03-30,1121.32,2025-03-30,assigned,good,,Remote - WFH,
ast-00405,comp-001,cat-01,Laptop,AST-00405,Apple,MacBook Air 15 M3,APP-LAPT-21029-2499,2020-03-17,2013.94,2021-03-17,available,good,,Jakarta HQ - Floor 2,
ast-00406,comp-001,cat-09,Tablet,AST-00406,Samsung,Galaxy Tab S9 Ultra,SAM-TABL-62209-2177,2024-05-01,871.55,2026-05-01,available,fair,,Remote - WFH,
ast-00407,comp-001,cat-10,Peripheral,AST-00407,Logitech,MX Master 3S Mouse,LOG-PERI-37156-6944,2022-01-22,64.36,2025-01-21,maintenance,good,,Jakarta HQ - Floor 1,
ast-00408,comp-001,cat-01,Laptop,AST-00408,Dell,XPS 15 9530,DEL-LAPT-16904-6905,2021-02-04,2741.51,2024-02-04,maintenance,fair,,Branch - Surabaya,
ast-00409,comp-001,cat-10,Peripheral,AST-00409,Jabra,Evolve2 65 Headset,JAB-PERI-43515-3862,2023-06-18,100.00,2027-06-17,available,good,,Jakarta HQ - Floor 1,
ast-00410,comp-001,cat-08,Router,AST-00410,Cisco,ISR 1100-8P,CIS-ROUT-87047-5878,2024-06-22,681.19,2027-06-22,assigned,good,,Jakarta HQ - Floor 5,
ast-00411,comp-001,cat-09,Tablet,AST-00411,Samsung,Galaxy Tab S9 Ultra,SAM-TABL-78719-5905,2025-07-27,1127.68,2027-07-27,assigned,good,,Branch - Surabaya,
ast-00412,comp-001,cat-01,Laptop,AST-00412,Apple,MacBook Pro 14 M3,APP-LAPT-40889-8714,2020-09-13,3310.19,2024-09-12,assigned,good,,Jakarta HQ - Floor 1,
ast-00413,comp-001,cat-08,Router,AST-00413,Cisco,ISR 4321,CIS-ROUT-27148-3110,2025-03-19,319.30,2026-03-19,assigned,good,,Warehouse - Jakarta,
ast-00414,comp-001,cat-02,Desktop,AST-00414,HP,EliteDesk 800 G9,HP-DESK-89468-1754,2021-03-20,1355.32,2023-03-20,assigned,poor,,Jakarta HQ - Floor 2,
ast-00415,comp-001,cat-03,Monitor,AST-00415,Dell,U2723QE 4K USB-C Hub,DEL-MONI-14139-9850,2023-11-08,1048.54,2026-11-07,maintenance,new,,Data Center - Jakarta,
ast-00416,comp-001,cat-03,Monitor,AST-00416,HP,E27u G5 27 4K,HP-MONI-66426-1027,2021-01-23,886.52,2023-01-23,available,good,,Jakarta HQ - Floor 4,
ast-00417,comp-001,cat-01,Laptop,AST-00417,Microsoft,Surface Laptop 5,MIC-LAPT-17358-4181,2025-06-04,1591.48,2026-06-04,retired,good,,Data Center - Jakarta,
ast-00418,comp-001,cat-05,Printer,AST-00418,Canon,imageRUNNER 2630i,CAN-PRIN-71127-3774,2024-01-25,1057.75,2026-01-24,maintenance,repairing,,Jakarta HQ - Floor 1,
ast-00419,comp-001,cat-10,Peripheral,AST-00419,Logitech,C922 Pro Webcam,LOG-PERI-65369-3958,2023-06-24,265.50,2026-06-23,available,poor,,Jakarta HQ - Floor 3,
ast-00420,comp-001,cat-06,Server,AST-00420,Supermicro,SYS-420GP,SUP-SERV-92327-8409,2023-02-16,7305.30,2026-02-15,assigned,poor,,Warehouse - Jakarta,
ast-00421,comp-001,cat-10,Peripheral,AST-00421,Jabra,Evolve2 65 Headset,JAB-PERI-27954-3144,2020-06-11,246.11,2023-06-11,available,good,,Warehouse - Jakarta,
ast-00422,comp-001,cat-04,Smartphone,AST-00422,Apple,iPhone 15,APP-SMAR-18400-4917,2021-12-14,819.68,2025-12-13,assigned,new,,Warehouse - Jakarta,
ast-00423,comp-001,cat-03,Monitor,AST-00423,Dell,P2423DE 24 16:9,DEL-MONI-48922-9483,2021-02-12,378.72,2023-02-12,assigned,new,,Jakarta HQ - Floor 2,
ast-00424,comp-001,cat-01,Laptop,AST-00424,Lenovo,ThinkPad X1 Carbon Gen 11,LEN-LAPT-44896-3376,2022-07-20,2975.43,2024-07-19,assigned,good,,Jakarta HQ - Floor 2,
ast-00425,comp-001,cat-07,Network Switch,AST-00425,Cisco,Catalyst 9300-48P,CIS-NETW-19018-2427,2022-12-14,2693.11,2023-12-14,available,fair,,Remote - WFH,
ast-00426,comp-001,cat-01,Laptop,AST-00426,Microsoft,Surface Laptop 5,MIC-LAPT-92233-2535,2020-10-28,3009.22,2024-10-27,assigned,good,,Jakarta HQ - Floor 5,
ast-00427,comp-001,cat-02,Desktop,AST-00427,Lenovo,ThinkCentre M90s Gen 4,LEN-DESK-72975-9094,2023-02-23,1736.51,2025-02-22,available,fair,,Jakarta HQ - Floor 5,
ast-00428,comp-001,cat-10,Peripheral,AST-00428,Logitech,C922 Pro Webcam,LOG-PERI-88846-8851,2020-09-18,215.79,2022-09-18,maintenance,good,,Warehouse - Jakarta,
ast-00429,comp-001,cat-01,Laptop,AST-00429,Apple,MacBook Pro 14 M3,APP-LAPT-40007-8243,2024-12-20,1789.17,2026-12-20,stolen,good,,Branch - Surabaya,
ast-00430,comp-001,cat-01,Laptop,AST-00430,HP,EliteBook 840 G10,HP-LAPT-54174-1021,2021-10-08,3246.43,2024-10-07,assigned,repairing,,Remote - WFH,
ast-00431,comp-001,cat-06,Server,AST-00431,Supermicro,SYS-420GP,SUP-SERV-46648-2231,2023-06-26,7644.29,2026-06-25,assigned,new,,Data Center - Jakarta,
ast-00432,comp-001,cat-04,Smartphone,AST-00432,Samsung,Galaxy S24,SAM-SMAR-40175-7275,2021-12-08,746.96,2022-12-08,assigned,fair,,Remote - WFH,
ast-00433,comp-001,cat-07,Network Switch,AST-00433,Ubiquiti,UniFi Switch Pro 48,UBI-NETW-61957-7870,2022-01-10,3118.21,2024-01-10,available,fair,,Jakarta HQ - Floor 3,
ast-00434,comp-001,cat-03,Monitor,AST-00434,LG,27UP850N 27 4K,LG-MONI-85781-2628,2023-10-08,1175.13,2026-10-07,assigned,repairing,,Jakarta HQ - Floor 4,
ast-00435,comp-001,cat-08,Router,AST-00435,Cisco,ISR 4321,CIS-ROUT-57421-7303,2021-11-29,2466.18,2024-11-28,available,good,,Jakarta HQ - Floor 5,
ast-00436,comp-001,cat-03,Monitor,AST-00436,LG,27UP850N 27 4K,LG-MONI-78014-6874,2020-01-21,408.60,2023-01-20,assigned,good,,Branch - Surabaya,
ast-00437,comp-001,cat-02,Desktop,AST-00437,Dell,OptiPlex 7000 Tower,DEL-DESK-78287-5070,2022-10-25,1736.88,2025-10-24,available,poor,,Jakarta HQ - Floor 2,
ast-00438,comp-001,cat-01,Laptop,AST-00438,Apple,MacBook Pro 14 M3,APP-LAPT-52925-2521,2022-06-22,3444.74,2025-06-21,available,good,,Jakarta HQ - Floor 4,
ast-00439,comp-001,cat-01,Laptop,AST-00439,Dell,Latitude 5540,DEL-LAPT-80590-4751,2022-02-04,2629.40,2023-02-04,maintenance,good,,Data Center - Jakarta,
ast-00440,comp-001,cat-06,Server,AST-00440,Dell,PowerEdge R750xs,DEL-SERV-55745-5296,2021-04-13,6109.82,2022-04-13,retired,poor,,Jakarta HQ - Floor 2,
ast-00441,comp-001,cat-03,Monitor,AST-00441,Dell,P2423DE 24 16:9,DEL-MONI-88805-8428,2025-06-23,386.83,2027-06-23,available,good,,Data Center - Jakarta,
ast-00442,comp-001,cat-01,Laptop,AST-00442,HP,EliteBook 840 G10,HP-LAPT-26363-9237,2022-11-12,2781.34,2026-11-11,assigned,good,,Jakarta HQ - Floor 4,
ast-00443,comp-001,cat-02,Desktop,AST-00443,HP,EliteDesk 800 G9,HP-DESK-69288-7984,2021-07-02,2285.09,2022-07-02,maintenance,good,,Warehouse - Jakarta,
ast-00444,comp-001,cat-01,Laptop,AST-00444,Lenovo,ThinkPad X1 Carbon Gen 11,LEN-LAPT-69395-7751,2022-02-08,1377.68,2026-02-07,assigned,good,,Jakarta HQ - Floor 2,
ast-00445,comp-001,cat-02,Desktop,AST-00445,Dell,OptiPlex 7000 Tower,DEL-DESK-87969-4654,2024-01-16,1095.03,2026-01-15,available,poor,,Jakarta HQ - Floor 3,
ast-00446,comp-001,cat-01,Laptop,AST-00446,Apple,MacBook Air 15 M3,APP-LAPT-49069-3856,2025-01-18,2091.02,2029-01-17,available,fair,,Jakarta HQ - Floor 5,
ast-00447,comp-001,cat-01,Laptop,AST-00447,HP,ProBook 450 G10,HP-LAPT-64410-5910,2020-04-28,1240.27,2022-04-28,assigned,good,,Remote - WFH,
ast-00448,comp-001,cat-09,Tablet,AST-00448,Apple,iPad Air M1,APP-TABL-55547-2360,2023-09-08,565.78,2025-09-07,available,good,,Jakarta HQ - Floor 2,
ast-00449,comp-001,cat-04,Smartphone,AST-00449,Xiaomi,13T Pro,XIA-SMAR-44792-8890,2025-08-29,821.27,2026-08-29,available,fair,,Warehouse - Jakarta,
ast-00450,comp-001,cat-10,Peripheral,AST-00450,Logitech,MX Master 3S Mouse,LOG-PERI-60462-7072,2024-12-06,135.80,2026-12-06,assigned,damaged,,Warehouse - Bandung,
ast-00451,comp-001,cat-10,Peripheral,AST-00451,Jabra,Evolve2 65 Headset,JAB-PERI-78339-7022,2023-05-04,271.38,2025-05-03,assigned,fair,,Warehouse - Bandung,
ast-00452,comp-001,cat-01,Laptop,AST-00452,Apple,MacBook Pro 14 M3,APP-LAPT-62536-8877,2023-10-28,1281.65,2027-10-27,available,fair,,Jakarta HQ - Floor 3,
ast-00453,comp-001,cat-10,Peripheral,AST-00453,Logitech,C922 Pro Webcam,LOG-PERI-75313-4647,2024-11-17,217.07,2026-11-17,assigned,good,,Jakarta HQ - Floor 4,
ast-00454,comp-001,cat-03,Monitor,AST-00454,HP,E27u G5 27 4K,HP-MONI-60021-3078,2024-01-16,887.27,2026-01-15,assigned,repairing,,Jakarta HQ - Floor 3,
ast-00455,comp-001,cat-01,Laptop,AST-00455,Microsoft,Surface Laptop 5,MIC-LAPT-58628-4149,2021-01-20,3252.96,2022-01-20,available,good,,Jakarta HQ - Floor 2,
ast-00456,comp-001,cat-01,Laptop,AST-00456,Apple,MacBook Pro 14 M3,APP-LAPT-94667-2222,2023-10-07,3372.72,2026-10-06,assigned,new,,Warehouse - Bandung,
ast-00457,comp-001,cat-07,Network Switch,AST-00457,MikroTik,CRS326-24G-2S+RM,MIK-NETW-41580-2645,2025-06-24,871.28,2027-06-24,retired,new,,Data Center - Jakarta,
ast-00458,comp-001,cat-07,Network Switch,AST-00458,Cisco,Catalyst 9200-48P,CIS-NETW-30064-4748,2022-08-28,989.07,2023-08-28,available,fair,,Warehouse - Jakarta,
ast-00459,comp-001,cat-01,Laptop,AST-00459,HP,ProBook 450 G10,HP-LAPT-62910-6421,2024-02-25,3458.90,2026-02-24,assigned,poor,,Jakarta HQ - Floor 1,
ast-00460,comp-001,cat-04,Smartphone,AST-00460,Apple,iPhone 15,APP-SMAR-87685-8506,2021-05-28,828.82,2023-05-28,available,good,,Branch - Surabaya,
ast-00461,comp-001,cat-03,Monitor,AST-00461,Samsung,S27A800 27 4K,SAM-MONI-14926-5930,2020-08-07,1198.97,2024-08-06,assigned,good,,Jakarta HQ - Floor 2,
ast-00462,comp-001,cat-08,Router,AST-00462,MikroTik,RB4011iGS+RM,MIK-ROUT-16372-8904,2024-11-15,2072.36,2025-11-15,available,fair,,Data Center - Jakarta,
ast-00463,comp-001,cat-01,Laptop,AST-00463,HP,ProBook 450 G10,HP-LAPT-64704-9653,2023-10-06,3149.33,2026-10-05,maintenance,new,,Jakarta HQ - Floor 3,
ast-00464,comp-001,cat-01,Laptop,AST-00464,Apple,MacBook Pro 14 M3,APP-LAPT-75562-3667,2021-12-14,1277.13,2025-12-13,lost,good,,Data Center - Jakarta,
ast-00465,comp-001,cat-10,Peripheral,AST-00465,Logitech,MX Keys Keyboard,LOG-PERI-14684-9745,2025-10-29,62.08,2027-10-29,assigned,good,,Branch - Surabaya,
ast-00466,comp-001,cat-01,Laptop,AST-00466,Dell,Latitude 5540,DEL-LAPT-34594-2362,2020-01-04,2198.07,2023-01-03,assigned,poor,,Warehouse - Bandung,
ast-00467,comp-001,cat-02,Desktop,AST-00467,Apple,Mac Studio M2 Max,APP-DESK-47589-5572,2024-03-11,843.73,2025-03-11,available,fair,,Jakarta HQ - Floor 3,
ast-00468,comp-001,cat-08,Router,AST-00468,Cisco,ISR 4321,CIS-ROUT-73285-1678,2023-02-09,2061.53,2026-02-08,available,new,,Jakarta HQ - Floor 1,
ast-00469,comp-001,cat-07,Network Switch,AST-00469,MikroTik,CRS326-24G-2S+RM,MIK-NETW-60729-2599,2020-09-28,541.35,2024-09-27,assigned,good,,Jakarta HQ - Floor 2,
ast-00470,comp-001,cat-02,Desktop,AST-00470,Apple,Mac Mini M2,APP-DESK-11545-8085,2023-06-10,1547.74,2027-06-09,available,new,,Jakarta HQ - Floor 5,
ast-00471,comp-001,cat-03,Monitor,AST-00471,Dell,U2723QE 4K USB-C Hub,DEL-MONI-31922-4345,2020-04-25,776.94,2021-04-25,assigned,poor,,Warehouse - Bandung,
ast-00472,comp-001,cat-04,Smartphone,AST-00472,Xiaomi,13T Pro,XIA-SMAR-12317-9359,2024-08-03,947.50,2028-08-02,available,good,,Branch - Surabaya,
ast-00473,comp-001,cat-03,Monitor,AST-00473,Dell,U2723QE 4K USB-C Hub,DEL-MONI-61173-3386,2025-12-19,842.33,2026-12-19,available,damaged,,Warehouse - Bandung,
ast-00474,comp-001,cat-08,Router,AST-00474,Ubiquiti,UniFi Dream Machine SE,UBI-ROUT-50805-7766,2023-06-17,1376.23,2026-06-16,assigned,fair,,Data Center - Jakarta,
ast-00475,comp-001,cat-01,Laptop,AST-00475,Dell,XPS 15 9530,DEL-LAPT-73923-6963,2023-07-11,3094.41,2024-07-10,available,good,,Jakarta HQ - Floor 1,
ast-00476,comp-001,cat-10,Peripheral,AST-00476,Poly,Voyager 5200 Headset,POL-PERI-28699-7787,2025-02-03,181.95,2026-02-03,available,good,,Warehouse - Jakarta,
ast-00477,comp-001,cat-07,Network Switch,AST-00477,MikroTik,CRS326-24G-2S+RM,MIK-NETW-53048-8432,2024-05-31,2908.35,2027-05-31,available,good,,Warehouse - Bandung,
ast-00478,comp-001,cat-05,Printer,AST-00478,HP,LaserJet Pro M404dn,HP-PRIN-64686-2993,2024-01-29,414.39,2026-01-28,assigned,fair,,Jakarta HQ - Floor 4,
ast-00479,comp-001,cat-10,Peripheral,AST-00479,Poly,Voyager 5200 Headset,POL-PERI-16336-8564,2025-12-10,121.87,2029-12-09,maintenance,good,,Jakarta HQ - Floor 2,
ast-00480,comp-001,cat-01,Laptop,AST-00480,Dell,XPS 15 9530,DEL-LAPT-36810-9245,2023-01-21,1676.00,2025-01-20,assigned,good,,Jakarta HQ - Floor 5,
ast-00481,comp-001,cat-04,Smartphone,AST-00481,Xiaomi,13T Pro,XIA-SMAR-26776-3804,2025-05-01,708.10,2027-05-01,assigned,new,,Jakarta HQ - Floor 5,
ast-00482,comp-001,cat-02,Desktop,AST-00482,Apple,Mac Studio M2 Max,APP-DESK-25621-3767,2021-04-14,2624.76,2023-04-14,assigned,new,,Jakarta HQ - Floor 4,
ast-00483,comp-001,cat-10,Peripheral,AST-00483,Poly,Voyager 5200 Headset,POL-PERI-41781-2394,2023-06-26,115.57,2025-06-25,available,good,,Data Center - Jakarta,
ast-00484,comp-001,cat-04,Smartphone,AST-00484,Apple,iPhone 14,APP-SMAR-67911-4743,2024-09-24,1069.61,2025-09-24,available,fair,,Branch - Surabaya,
ast-00485,comp-001,cat-09,Tablet,AST-00485,Microsoft,Surface Pro 9,MIC-TABL-20323-6663,2025-07-02,639.45,2026-07-02,available,fair,,Jakarta HQ - Floor 2,
ast-00486,comp-001,cat-10,Peripheral,AST-00486,Logitech,C922 Pro Webcam,LOG-PERI-29752-5776,2024-11-29,165.97,2027-11-29,assigned,good,,Jakarta HQ - Floor 3,
ast-00487,comp-001,cat-04,Smartphone,AST-00487,Samsung,Galaxy S24 Ultra,SAM-SMAR-28415-3492,2025-01-09,737.92,2026-01-09,assigned,new,,Jakarta HQ - Floor 3,
ast-00488,comp-001,cat-01,Laptop,AST-00488,Lenovo,ThinkPad X1 Carbon Gen 11,LEN-LAPT-56145-4621,2022-03-22,3089.26,2024-03-21,available,good,,Jakarta HQ - Floor 1,
ast-00489,comp-001,cat-01,Laptop,AST-00489,Lenovo,ThinkPad T14s Gen 4,LEN-LAPT-39109-7646,2024-10-10,1877.49,2025-10-10,assigned,new,,Jakarta HQ - Floor 5,
ast-00490,comp-001,cat-01,Laptop,AST-00490,Apple,MacBook Pro 14 M3,APP-LAPT-71087-5801,2025-06-21,2288.24,2026-06-21,maintenance,new,,Jakarta HQ - Floor 1,
ast-00491,comp-001,cat-09,Tablet,AST-00491,Microsoft,Surface Pro 9,MIC-TABL-70775-6303,2020-08-09,835.67,2022-08-09,available,good,,Remote - WFH,
ast-00492,comp-001,cat-01,Laptop,AST-00492,Apple,MacBook Air 15 M3,APP-LAPT-52532-3231,2021-03-30,1864.03,2023-03-30,assigned,good,,Warehouse - Bandung,
ast-00493,comp-001,cat-01,Laptop,AST-00493,ASUS,ZenBook 14 OLED,ASU-LAPT-80481-3670,2022-10-06,2807.13,2026-10-05,available,damaged,,Jakarta HQ - Floor 2,
ast-00494,comp-001,cat-05,Printer,AST-00494,HP,LaserJet Pro M404dn,HP-PRIN-18733-1265,2020-07-20,1501.98,2021-07-20,assigned,good,,Jakarta HQ - Floor 3,
ast-00495,comp-001,cat-03,Monitor,AST-00495,LG,27UP850N 27 4K,LG-MONI-29495-7995,2022-12-20,981.68,2024-12-19,maintenance,good,,Jakarta HQ - Floor 5,
ast-00496,comp-001,cat-07,Network Switch,AST-00496,Ubiquiti,UniFi Switch Pro 48,UBI-NETW-63987-4560,2024-09-25,1588.52,2025-09-25,assigned,new,,Warehouse - Jakarta,
ast-00497,comp-001,cat-02,Desktop,AST-00497,Apple,Mac Mini M2,APP-DESK-10557-5575,2020-08-29,2491.13,2022-08-29,assigned,damaged,,Jakarta HQ - Floor 2,
ast-00498,comp-001,cat-01,Laptop,AST-00498,HP,ProBook 450 G10,HP-LAPT-45370-5994,2021-01-18,3261.81,2023-01-18,available,good,,Branch - Surabaya,
ast-00499,comp-001,cat-01,Laptop,AST-00499,ASUS,ZenBook 14 OLED,ASU-LAPT-69508-1623,2021-11-21,2255.63,2022-11-21,assigned,damaged,,Jakarta HQ - Floor 2,
ast-00500,comp-001,cat-08,Router,AST-00500,Cisco,ISR 4321,CIS-ROUT-94123-2376,2024-12-24,846.41,2026-12-24,available,good,,Warehouse - Jakarta,