qr_id,asset_id,asset_tag,qr_value,is_printed,scan_count
qr-00001,ast-00001,AST-00001,932DD1113AB0644D423615B4,TRUE,12
qr-00002,ast-00002,AST-00002,3742927004ECF809F338ADCD,TRUE,15
qr-00003,ast-00003,AST-00003,C2431F88F6FC8FC4C38A4F25,TRUE,21
qr-00004,ast-00004,AST-00004,3677124B4C76AD730D915772,TRUE,5
qr-00005,ast-00005,AST-00005,AD4AABC3616E7C42948A0294,TRUE,39
qr-00006,ast-00006,AST-00006,E858EC12A82556AAE27A2A33,FALSE,12
qr-00007,ast-00007,AST-00007,90CB0B565B0B1FB4CE3D32F3,TRUE,41
qr-00008,ast-00008,AST-00008,2FC0C2D73535143B6D11CCA0,TRUE,31
qr-00009,ast-00009,AST-00009,8F4CDD44170C85B432CD46E5,TRUE,32
qr-00010,ast-00010,AST-00010,C63A5AFC098DC3DB34EE2528,TRUE,12
qr-00011,ast-00011,AST-00011,4D32B3CA2A9810BD075DE21C,TRUE,45
qr-00012,ast-00012,AST-00012,21527D1F22E56249486113E2,TRUE,11
qr-00013,ast-00013,AST-00013,706135E8A6E7B620EDF2C391,TRUE,1
qr-00014,ast-00014,AST-00014,394D53168ADCC41B2A9968FE,TRUE,20
qr-00015,ast-00015,AST-00015,4FACB4DC5A7CB68605AD49DD,TRUE,6
qr-00016,ast-00016,AST-00016,254B1DE7ACF24D24DDD7CFA2,TRUE,26
qr-00017,ast-00017,AST-00017,6113F4BE9AA3F60551A2DD24,FALSE,19
qr-00018,ast-00018,AST-00018,1A65A5F82E8249000AE115AC,TRUE,21
qr-00019,ast-00019,AST-00019,9BD6586B514C163DBF7538A3,FALSE,32
qr-00020,ast-00020,AST-00020,ADF41D973FE4595A1235DF3D,TRUE,20
qr-00021,ast-00021,AST-00021,3CF144EB569F57646AB16EC3,TRUE,26
qr-00022,ast-00022,AST-00022,37E52682E2D8229C3605E8BA,TRUE,44
qr-00023,ast-00023,AST-00023,1B236CD5AB482BFCF9E9923E,TRUE,27
qr-00024,ast-00024,AST-00024,000623D13BF09797C682020E,TRUE,23
qr-00025,ast-00025,AST-00025,A6454F0A15C3DA9B107CAB0A,TRUE,4
qr-00026,ast-00026,AST-00026,3C0E2F5FDB15370A2CBFE6A0,TRUE,7
qr-00027,ast-00027,AST-00027,8A470DF172A08EC99FA50C50,TRUE,6
qr-00028,ast-00028,AST-00028,661675D45F2007CE304098CC,FALSE,24
qr-00029,ast-00029,AST-00029,9D94873E08860453F56AB085,TRUE,23
qr-00030,ast-00030,AST-00030,C3B0E3BB235B40467732A786,TRUE,46
qr-00031,ast-00031,AST-00031,52E0F23CEE5C9BC184D07D58,TRUE,37
qr-00032,ast-00032,AST-00032,06EBAA4FAD1F37833ADEE2D5,TRUE,35
qr-00033,ast-00033,AST-00033,3C7F3845B612C958E8511B30,TRUE,47
qr-00034,ast-00034,AST-00034,07943E035A44AAE4C8F06DAB,FALSE,18
qr-00035,ast-00035,AST-00035,661C95834857D865EFBFF374,TRUE,36
qr-00036,ast-00036,AST-00036,3662F7BF2CDD3133B389C9C6,FALSE,50
qr-00037,ast-00037,AST-00037,AC08CBEB73C0D0942438E855,FALSE,31
qr-00038,ast-00038,AST-00038,C18D20281312954F8692CF51,TRUE,43
qr-00039,ast-00039,AST-00039,025020BA005A02A5CC273989,TRUE,32
qr-00040,ast-00040,AST-00040,99AA583A90BE6CD50F119BD0,TRUE,45
qr-00041,ast-00041,AST-00041,381A0F64A6508E4AB9E9001A,TRUE,30
qr-00042,ast-00042,AST-00042,856F9FED4CCE6512A2756B0D,TRUE,50
qr-00043,ast-00043,AST-00043,E6114D46FA2067592ED7C436,TRUE,28
qr-00044,ast-00044,AST-00044,F45603BC7B5F3B054ECE723B,TRUE,27
qr-00045,ast-00045,AST-00045,636755F55F4FF645112AECA3,TRUE,33
qr-00046,ast-00046,AST-00046,C38E921E145A1124B33D5750,TRUE,17
qr-00047,ast-00047,AST-00047,11A246AB16FEB876ACA13678,TRUE,38
qr-00048,ast-00048,AST-00048,C8D889057C04921EECAC8149,TRUE,47
qr-00049,ast-00049,AST-00049,F9D1F76E27DA75A7968B66F8,TRUE,50
qr-00050,ast-00050,AST-00050,0918AAC5345608A86837F208,FALSE,13
qr-00051,ast-00051,AST-00051,EF20E7775AADBF82779328D9,TRUE,38
qr-00052,ast-00052,AST-00052,04E65D97A01381678314CCF2,FALSE,40
qr-00053,ast-00053,AST-00053,86287F63790D28952C4C2936,FALSE,9
qr-00054,ast-00054,AST-00054,FE6F83BC08479589A843A639,TRUE,9
qr-00055,ast-00055,AST-00055,50EA47B218DE4BE66AA6A0FC,TRUE,25
qr-00056,ast-00056,AST-00056,E764E04C9C7AC340FB983947,FALSE,2
qr-00057,ast-00057,AST-00057,392D516C59579748A427D604,FALSE,47
qr-00058,ast-00058,AST-00058,FFB69EFD76AB539712299837,TRUE,8
qr-00059,ast-00059,AST-00059,02420ED2394B410D3C09E0A7,FALSE,10
qr-00060,ast-00060,AST-00060,CEDBFECDF730878BE442F1A4,TRUE,39
qr-00061,ast-00061,AST-00061,4B987E236613A37727A5E4FE,TRUE,11
qr-00062,ast-00062,AST-00062,8706F612E055ED9E15210E37,FALSE,42
qr-00063,ast-00063,AST-00063,208812714E435098DE01FE37,FALSE,3
qr-00064,ast-00064,AST-00064,D68D3E0F8BD74CE9E70C775B,TRUE,42
qr-00065,ast-00065,AST-00065,6DE7E32C422653C849129FE6,TRUE,48
qr-00066,ast-00066,AST-00066,800777B99AF9F1C1964BE1E9,TRUE,27
qr-00067,ast-00067,AST-00067,19592A70C97F58AA42EA1E82,TRUE,34
qr-00068,ast-00068,AST-00068,87C543911AA4A11A7D883EE3,TRUE,24
qr-00069,ast-00069,AST-00069,7850D7AE057D96F4B9A35440,TRUE,28
qr-00070,ast-00070,AST-00070,01AA6925EA2B9B3D0758718C,TRUE,5
qr-00071,ast-00071,AST-00071,9F980F82FA25AFF40BD79BA0,TRUE,41
qr-00072,ast-00072,AST-00072,B4B85EF6247F836EE759B8B6,TRUE,42
qr-00073,ast-00073,AST-00073,F64E7D077EAE1098E0CA0856,TRUE,11
qr-00074,ast-00074,AST-00074,014DCD96A8E0CB8FACDF856B,TRUE,15
qr-00075,ast-00075,AST-00075,95AB2DA34D233B8F27F245F8,TRUE,33
qr-00076,ast-00076,AST-00076,8A83397AFBDB9D713B8D1EA3,TRUE,24
qr-00077,ast-00077,AST-00077,9CBF242C9B4114DC4432A029,TRUE,11
qr-00078,ast-00078,AST-00078,AF4CD5BD6293AB683CB479DE,TRUE,7
qr-00079,ast-00079,AST-00079,DCC2798D635DCEAF1BB0756D,TRUE,23
qr-00080,ast-00080,AST-00080,2C7B14D31A86A8113DCDB9F1,TRUE,9
qr-00081,ast-00081,AST-00081,3DA59EECEDB83BB289D29A1E,TRUE,31
qr-00082,ast-00082,AST-00082,8218A18D9A5AEC0F7DFF3F9A,FALSE,43
qr-00083,ast-00083,AST-00083,3947573A2C6AB8A6CDC1E0AB,FALSE,8
qr-00084,ast-00084,AST-00084,D646A85FDAF7CC47C17062FB,TRUE,46
qr-00085,ast-00085,AST-00085,974AE7523EA6E9FEE74CCB11,TRUE,18
qr-00086,ast-00086,AST-00086,08131B35C205B2E5CB13E27B,TRUE,3
qr-00087,ast-00087,AST-00087,19F249665AFCBA7C714E2B36,FALSE,29
qr-00088,ast-00088,AST-00088,13D53470BD3667820B1717DC,TRUE,34
qr-00089,ast-00089,AST-00089,CAE579B99C54998DA5DF0589,TRUE,3
qr-00090,ast-00090,AST-00090,361A05282F952DF150C562B0,TRUE,35
qr-00091,ast-00091,AST-00091,34B8E8BF150A7410E3AAD7CD,TRUE,21
qr-00092,ast-00092,AST-00092,64A77C9F50E1F04C3C409443,FALSE,28
qr-00093,ast-00093,AST-00093,54122529321F59405A08CA6B,TRUE,50
qr-00094,ast-00094,AST-00094,06616320767E0F76373C4589,TRUE,15
qr-00095,ast-00095,AST-00095,D53927048DA74849DA9358E9,TRUE,15
qr-00096,ast-00096,AST-00096,0D36CFAE2FE0A16B9E10256D,TRUE,25
qr-00097,ast-00097,AST-00097,77B6D5F382CE6DBC3CCD2C42,TRUE,3
qr-00098,ast-00098,AST-00098,F4D89BFEB46508296610D7CB,TRUE,14
qr-00099,ast-00099,AST-00099,48F3D4C16807EEE5E060ADA7,FALSE,1
qr-00100,ast-00100,AST-00100,2AB28310BF67884171AD7C11,TRUE,20
qr-00101,ast-00101,AST-00101,3950980686DE5A4832268B8B,TRUE,2
qr-00102,ast-00102,AST-00102,A04B4089217C4A11BB24CCBC,TRUE,41
qr-00103,ast-00103,AST-00103,5377CEB35FB5C5FED7C82577,TRUE,39
qr-00104,ast-00104,AST-00104,8CAEF2688D7C5772C6E4D6A1,TRUE,10
qr-00105,ast-00105,AST-00105,E53DB879AC75C1B975AC05C0,TRUE,4
qr-00106,ast-00106,AST-00106,81171D63454CBA8813512693,TRUE,22
qr-00107,ast-00107,AST-00107,97391546DB647319BEC51D06,TRUE,22
qr-00108,ast-00108,AST-00108,A673DD652295CEF2D96D4B7D,TRUE,23
qr-00109,ast-00109,AST-00109,4E277FC5535F17CE5DC7876F,TRUE,25
qr-00110,ast-00110,AST-00110,4CAB90EF58334E2145752D03,TRUE,7
qr-00111,ast-00111,AST-00111,6CAAC038C8DAB476D96B2F40,TRUE,17
qr-00112,ast-00112,AST-00112,64C1605ADB26C72E2E861365,TRUE,18
qr-00113,ast-00113,AST-00113,3B3CD037C07853FE7B001820,TRUE,5
qr-00114,ast-00114,AST-00114,AC35F14BFC8F7E995A612C69,TRUE,49
qr-00115,ast-00115,AST-00115,4100B243FFA47FD6CC7F365F,TRUE,3
qr-00116,ast-00116,AST-00116,276DE3E5BEE1C0F35398F126,TRUE,5
qr-00117,ast-00117,AST-00117,F443E7CA0746FDBC23D871E5,TRUE,48
qr-00118,ast-00118,AST-00118,A8AB8977324FD9FD73C4835E,TRUE,12
qr-00119,ast-00119,AST-00119,28283221318A74BFDC57BB18,TRUE,16
qr-00120,ast-00120,AST-00120,500A323901AFA3AFE6E297D5,TRUE,28
qr-00121,ast-00121,AST-00121,9A04BBD40D00A8E9171F813C,TRUE,2
qr-00122,ast-00122,AST-00122,05F8B5EAA2154328E0478814,TRUE,28
qr-00123,ast-00123,AST-00123,A6A367F91C776A385356B02D,TRUE,34
qr-00124,ast-00124,AST-00124,D6D876D5895C7887DBAEF99D,TRUE,38
qr-00125,ast-00125,AST-00125,A9CB2BCA4615BB49406386B4,FALSE,39
qr-00126,ast-00126,AST-00126,816E2C066E1A8239AC2CB70C,TRUE,25
qr-00127,ast-00127,AST-00127,12C3B390E451258B39972F17,FALSE,21
qr-00128,ast-00128,AST-00128,436EC496998A7AA1F1256992,TRUE,30
qr-00129,ast-00129,AST-00129,E2396C97DFC5951E0D697EA6,TRUE,16
qr-00130,ast-00130,AST-00130,CCB7A841144D5329162A9C5A,TRUE,43
qr-00131,ast-00131,AST-00131,4FB1F7A8380C0C69EDAB50AA,FALSE,43
qr-00132,ast-00132,AST-00132,3FF4312F456C89D3061D78FF,TRUE,7
qr-00133,ast-00133,AST-00133,BD8D6954CB8F0B360E5F64C3,TRUE,23
qr-00134,ast-00134,AST-00134,6B636E484C07FDA866E6B913,TRUE,9
qr-00135,ast-00135,AST-00135,7763949CAE01C8912CFE9086,TRUE,19
qr-00136,ast-00136,AST-00136,33F014FEA92EFB7E9D57FC21,TRUE,35
qr-00137,ast-00137,AST-00137,900D4A2535243168A302EC3E,TRUE,9
qr-00138,ast-00138,AST-00138,BB823ECF57F338A600E859F7,TRUE,23
qr-00139,ast-00139,AST-00139,9F450AC4ABD7877E1629426C,TRUE,14
qr-00140,ast-00140,AST-00140,4A202FB5FBA110135252AE1E,FALSE,24
qr-00141,ast-00141,AST-00141,3D2241839F5B6E20AD1D2541,TRUE,19
qr-00142,ast-00142,AST-00142,06A8576BE772EB53D1E06F7D,TRUE,37
qr-00143,ast-00143,AST-00143,8CC73AA5E4881319A7833301,TRUE,47
qr-00144,ast-00144,AST-00144,7215BDF5DD1E36E3AFFEA30B,TRUE,36
qr-00145,ast-00145,AST-00145,5CC947502C6B8E5F1A5F988F,TRUE,27
qr-00146,ast-00146,AST-00146,D54DEF1F6D103597D1FED92E,TRUE,39
qr-00147,ast-00147,AST-00147,D53B7906420FC96F468A3E4D,TRUE,11
qr-00148,ast-00148,AST-00148,C9702CFBB881315EC61A825E,TRUE,2
qr-00149,ast-00149,AST-00149,6F145CEAFECFE0F68BA38604,TRUE,8
qr-00150,ast-00150,AST-00150,1125BF3A21CE0DDB87838BC0,TRUE,43
qr-00151,ast-00151,AST-00151,60A41E56A239D635B950218F,TRUE,39
qr-00152,ast-00152,AST-00152,A0722D5892BC6CB3FB2C485D,FALSE,37
qr-00153,ast-00153,AST-00153,74FE2B81D195099A56DCDDE8,FALSE,22
qr-00154,ast-00154,AST-00154,0C9936E3C57A2565CB80EDC5,TRUE,34
qr-00155,ast-00155,AST-00155,A74463A6E0098FB58C1E61B2,TRUE,24
qr-00156,ast-00156,AST-00156,57C3D9CF981ADB23AEC578C7,TRUE,37
qr-00157,ast-00157,AST-00157,EEEDBB5199DD364956CD9F2A,TRUE,43
qr-00158,ast-00158,AST-00158,4BFF34E1FF4CA16B0BF121FA,TRUE,43
qr-00159,ast-00159,AST-00159,05DD6C5D371C8C8CE32CFB08,TRUE,29
qr-00160,ast-00160,AST-00160,9C6EDF27D132B327C3538C71,TRUE,9
qr-00161,ast-00161,AST-00161,4D7FE4F3E0E0EDA078C7AD01,TRUE,48
qr-00162,ast-00162,AST-00162,347D6A3D2687C2C3F2F4AB54,TRUE,43
qr-00163,ast-00163,AST-00163,E1430BC13CD8866655F04D28,TRUE,18
qr-00164,ast-00164,AST-00164,47E08C33D0FD34F72ACED565,TRUE,49
qr-00165,ast-00165,AST-00165,50A32BF5C826177E5E726978,TRUE,10
qr-00166,ast-00166,AST-00166,BD2D755FB3C8DB825B553F4A,TRUE,35
qr-00167,ast-00167,AST-00167,A38DE3D7E24FCAD59AEABD6D,FALSE,41
qr-00168,ast-00168,AST-00168,992E23765F8FF12CBBAC02E0,FALSE,33
qr-00169,ast-00169,AST-00169,AF650638BF4BAABCD17BB75D,FALSE,38
qr-00170,ast-00170,AST-00170,6BFD0036FCC7A029AE50E9E1,TRUE,4
qr-00171,ast-00171,AST-00171,B776DFBD37577A95BC845B4F,TRUE,15
qr-00172,ast-00172,AST-00172,23C9ABBC15E8192C6E2DEE86,TRUE,45
qr-00173,ast-00173,AST-00173,228E014FFEDDE0D706DA5D76,TRUE,8
qr-00174,ast-00174,AST-00174,BC1575F20CC7522B06D03D7A,TRUE,32
qr-00175,ast-00175,AST-00175,8DFD4399BE1C5DCF75E7FC33,TRUE,34
qr-00176,ast-00176,AST-00176,A444D4DAD22F489795A3DD0E,TRUE,7
qr-00177,ast-00177,AST-00177,F78CDD04EFF13F63399D8D3A,TRUE,8
qr-00178,ast-00178,AST-00178,AC170AF0173852AEE6C0005E,FALSE,25
qr-00179,ast-00179,AST-00179,5350C8D2E2CBA9241AD679DD,TRUE,17
qr-00180,ast-00180,AST-00180,2A8FA3F1E325917DB4F66285,TRUE,34
qr-00181,ast-00181,AST-00181,8933A17A019A914DDE74E395,FALSE,14
qr-00182,ast-00182,AST-00182,6D1E9290070B9E27C61EBE71,FALSE,19
qr-00183,ast-00183,AST-00183,16D02D2DE712626D86647FFB,TRUE,32
qr-00184,ast-00184,AST-00184,58ABE622B5259161ECF035FE,TRUE,23
qr-00185,ast-00185,AST-00185,8C0A48C4BF5393E8C47C8126,TRUE,45
qr-00186,ast-00186,AST-00186,F42EE9CF68DDF9559A3B718C,TRUE,22
qr-00187,ast-00187,AST-00187,5D9970090BA4CB41A52110ED,TRUE,8
qr-00188,ast-00188,AST-00188,773B7EEB61B8ACE5414B4CDC,TRUE,50
qr-00189,ast-00189,AST-00189,BE9F3594C528D2AD6F6AA970,TRUE,36
qr-00190,ast-00190,AST-00190,D167B3DD9F21EDDC4F71545F,TRUE,18
qr-00191,ast-00191,AST-00191,9393891667E0F261C1A6CC97,TRUE,45
qr-00192,ast-00192,AST-00192,6478F88274DE4F59C2A95075,TRUE,36
qr-00193,ast-00193,AST-00193,3A7CE1BCA4DEAE2DD7E29990,TRUE,5
qr-00194,ast-00194,AST-00194,7BD6D9E325016AF37DF0DEE1,FALSE,6
qr-00195,ast-00195,AST-00195,F7BEB1D0DDC5F8DFA73F2026,TRUE,0
qr-00196,ast-00196,AST-00196,92801CE78C019757617821AE,TRUE,32
qr-00197,ast-00197,AST-00197,9BFAE576704D3C7B52BB17AD,TRUE,1
qr-00198,ast-00198,AST-00198,089733740C71F6C7682D5055,TRUE,16
qr-00199,ast-00199,AST-00199,FA1B6D01064C0BE0BFF14F9C,TRUE,2
qr-00200,ast-00200,AST-00200,FBBA1E1418F39851F56C9015,TRUE,31
qr-00201,ast-00201,AST-00201,F692A1A00B502B928113BB43,TRUE,41
qr-00202,ast-00202,AST-00202,64DFF5DCEA0D8104BF54AA07,TRUE,20
qr-00203,ast-00203,AST-00203,77975351EE7B171144149579,TRUE,48
qr-00204,ast-00204,AST-00204,4B3DCB0A35735618F75A1C33,TRUE,25
qr-00205,ast-00205,AST-00205,306A9512B7D4740F767B61EC,TRUE,42
qr-00206,ast-00206,AST-00206,C05852EBA03969D1A45A163D,FALSE,43
qr-00207,ast-00207,AST-00207,3AF052AC68B3ED9C9AB53CE8,TRUE,11
qr-00208,ast-00208,AST-00208,75FE51FA52A2FE7E7317B90D,TRUE,7
qr-00209,ast-00209,AST-00209,C08E5C6C583B63F8FD36FB23,TRUE,31
qr-00210,ast-00210,AST-00210,ACA03B5F6EF0444441A24CC7,FALSE,15
qr-00211,ast-00211,AST-00211,485AB6DF7FFEE0E305944A5E,TRUE,19
qr-00212,ast-00212,AST-00212,1FA11666DBF9ED169E2A2A9A,FALSE,37
qr-00213,ast-00213,AST-00213,48E2D9EA07ABA42986C014DF,TRUE,50
qr-00214,ast-00214,AST-00214,D37AE3D66B8D13DAE0D82041,TRUE,31
qr-00215,ast-00215,AST-00215,5F9FAFBB0C3B5832E1BDBF86,TRUE,10
qr-00216,ast-00216,AST-00216,1419C3938771DF381C8B7D55,TRUE,18
qr-00217,ast-00217,AST-00217,830748FD898EE75D7E83FF74,TRUE,18
qr-00218,ast-00218,AST-00218,F4E395BC73F22CFCD04B9B47,FALSE,42
qr-00219,ast-00219,AST-00219,BB2A62C938CFE5CBDFAB1AA3,TRUE,10
qr-00220,ast-00220,AST-00220,795C3CE9F54919EEC913A381,TRUE,16
qr-00221,ast-00221,AST-00221,0DD785BF38F433B2256F1E63,TRUE,40
qr-00222,ast-00222,AST-00222,06DEDDADB380198A661BED52,TRUE,36
qr-00223,ast-00223,AST-00223,275592CA7EDB48782C7BAA1D,TRUE,47
qr-00224,ast-00224,AST-00224,D73708FCC52571A129CE2237,TRUE,16
qr-00225,ast-00225,AST-00225,A8F0C3190C4DA2C34EB96B99,TRUE,19
qr-00226,ast-00226,AST-00226,53BDBBC32E7DD983B79042BA,TRUE,34
qr-00227,ast-00227,AST-00227,A2BB25EC26D3537200ECB0B6,TRUE,43
qr-00228,ast-00228,AST-00228,ED48E69CF16A0AFF3BA00080,TRUE,12
qr-00229,ast-00229,AST-00229,256353492906331592FA5518,TRUE,1
qr-00230,ast-00230,AST-00230,FBE9B6EE197E64CA676E44D5,TRUE,20
qr-00231,ast-00231,AST-00231,870A708B1D24718DCD2F755B,TRUE,35
qr-00232,ast-00232,AST-00232,75C25E6EF7A93DBCA270E7C9,TRUE,50
qr-00233,ast-00233,AST-00233,F0359C866098EF35C1413BBD,FALSE,13
qr-00234,ast-00234,AST-00234,9E5FA7443ECF63F288F59A50,TRUE,20
qr-00235,ast-00235,AST-00235,6948EB579BF3F111A75788A6,TRUE,8
qr-00236,ast-00236,AST-00236,A8BB84E63050C002FA96E8DF,TRUE,12
qr-00237,ast-00237,AST-00237,0D0E1DFBF683E5F50855649A,TRUE,17
qr-00238,ast-00238,AST-00238,70A879628AE2035884538FFD,TRUE,16
qr-00239,ast-00239,AST-00239,57F85E56E29FB3EDC1A55B63,TRUE,45
qr-00240,ast-00240,AST-00240,EFD20D885C2017209437A021,TRUE,14
qr-00241,ast-00241,AST-00241,8F414FAF310DAF28EDDB2480,TRUE,6
qr-00242,ast-00242,AST-00242,AFDA98FFF1E312F9C1BB5BCB,TRUE,37
qr-00243,ast-00243,AST-00243,556C701EC79C946AB897FA44,TRUE,34
qr-00244,ast-00244,AST-00244,33440CAA8D3C68B83A2C63A3,TRUE,47
qr-00245,ast-00245,AST-00245,E47E04EB2ECFA3072D88C565,TRUE,20
qr-00246,ast-00246,AST-00246,52EFC7AE1CDFFB76ED0D4437,TRUE,28
qr-00247,ast-00247,AST-00247,67F778494A26402C4A010A97,TRUE,23
qr-00248,ast-00248,AST-00248,3CB577552CCEF0F75F45560B,FALSE,26
qr-00249,ast-00249,AST-00249,45E2A5459E10BEC0BC41D57D,TRUE,42
qr-00250,ast-00250,AST-00250,9EF84B90C283F0F7B190DA43,TRUE,45
qr-00251,ast-00251,AST-00251,5664B1A80894D4669A61D415,TRUE,35
qr-00252,ast-00252,AST-00252,03C81F73F0712CAE66726657,TRUE,20
qr-00253,ast-00253,AST-00253,2422E947315F1438B042996C,TRUE,31
qr-00254,ast-00254,AST-00254,B01463918285E2CDAA1EC36B,TRUE,22
qr-00255,ast-00255,AST-00255,2279A00D2C26F3F3C29DD10F,TRUE,27
qr-00256,ast-00256,AST-00256,1030DAF861544B70AEFAAD22,TRUE,46
qr-00257,ast-00257,AST-00257,396BAF81204872274D34AC89,TRUE,31
qr-00258,ast-00258,AST-00258,5FDE4F298C4EE59DD2034CFD,TRUE,22
qr-00259,ast-00259,AST-00259,897F8E47799F67F3A5502744,TRUE,31
qr-00260,ast-00260,AST-00260,9E7186566B94D11B263317D9,TRUE,23
qr-00261,ast-00261,AST-00261,B5FC20C07D8D71E1C47B4708,TRUE,45
qr-00262,ast-00262,AST-00262,028355E99ACFD44961CF5259,TRUE,43
qr-00263,ast-00263,AST-00263,098093A0F41099A7827E9B8D,TRUE,32
qr-00264,ast-00264,AST-00264,5196CF434879155641413E71,TRUE,26
qr-00265,ast-00265,AST-00265,B9FF3B5764AB42C6FF204E31,TRUE,41
qr-00266,ast-00266,AST-00266,5DB66EEF299D8225BD7B77C8,TRUE,15
qr-00267,ast-00267,AST-00267,CAF09D26C3BDAF11927837D7,FALSE,38
qr-00268,ast-00268,AST-00268,53C701801F105D0BBC9E072C,TRUE,42
qr-00269,ast-00269,AST-00269,2C41A8ED2065B7238E65C4FC,TRUE,2
qr-00270,ast-00270,AST-00270,B185699773A98B055C5511E1,FALSE,9
qr-00271,ast-00271,AST-00271,5C00C2436FD071EC861ED0F1,TRUE,38
qr-00272,ast-00272,AST-00272,8486EC7BA269D1535D758659,TRUE,14
qr-00273,ast-00273,AST-00273,89D701F672BF588EB65A1FFE,FALSE,8
qr-00274,ast-00274,AST-00274,00CC8115A8DD70FAD2D01BED,TRUE,48
qr-00275,ast-00275,AST-00275,C003699908C6DFD6BAE86E33,TRUE,21
qr-00276,ast-00276,AST-00276,6F83F6DA30BC75C714B82746,FALSE,26
qr-00277,ast-00277,AST-00277,97F4CD8AEA717FF1B1263C90,FALSE,10
qr-00278,ast-00278,AST-00278,5C5C47AD00F5EA118F972910,TRUE,2
qr-00279,ast-00279,AST-00279,48EEE2908470AE5B348BF6EC,FALSE,7
qr-00280,ast-00280,AST-00280,519D1902DF71B20346A617BF,TRUE,4
qr-00281,ast-00281,AST-00281,0EE7310D8A0A14436EFAC367,TRUE,49
qr-00282,ast-00282,AST-00282,3F1C84F07BE45F6BDAF3AC6A,TRUE,25
qr-00283,ast-00283,AST-00283,EF17D53883312B39A8EEB2CD,FALSE,48
qr-00284,ast-00284,AST-00284,74E5E8E9E2E8EDCC0E86EE7C,TRUE,10
qr-00285,ast-00285,AST-00285,CC8C4291AADE759F0E1C415D,TRUE,28
qr-00286,ast-00286,AST-00286,D9C78EC600729AF4B8B26243,TRUE,40
qr-00287,ast-00287,AST-00287,901B40435ACAFEE0470ECCA8,FALSE,9
qr-00288,ast-00288,AST-00288,54CE8CB20F02E159CBFE1EDC,TRUE,45
qr-00289,ast-00289,AST-00289,E847D159342EDBF7A37DA88D,TRUE,35
qr-00290,ast-00290,AST-00290,9AF7A19DF15E46D2B966F6B5,TRUE,49
qr-00291,ast-00291,AST-00291,D2548CF33FB6C4C834BDAD6B,FALSE,3
qr-00292,ast-00292,AST-00292,16325E75D23DC3AC6D6D5B62,TRUE,26
qr-00293,ast-00293,AST-00293,F9B4FBA33C24E630B157B86B,TRUE,34
qr-00294,ast-00294,AST-00294,2958770D031549886A0FB6DA,TRUE,12
qr-00295,ast-00295,AST-00295,A06CD943F54555597A6B534C,FALSE,45
qr-00296,ast-00296,AST-00296,7DD43DC9753FE8397410A582,TRUE,23
qr-00297,ast-00297,AST-00297,3C18724EA6BCA3D05AA96563,TRUE,3
qr-00298,ast-00298,AST-00298,C3A075CE0AEE2DE1FA14B93A,TRUE,44
qr-00299,ast-00299,AST-00299,11AADACDEC6B3537339C9C81,TRUE,29
qr-00300,ast-00300,AST-00300,53D28C832CD7103B327EB4B7,FALSE,26
qr-00301,ast-00301,AST-00301,9F95F18659DD665FFF12477B,FALSE,7
qr-00302,ast-00302,AST-00302,20FD70591A5AC8A62796058D,TRUE,7
qr-00303,ast-00303,AST-00303,1F6F2C2D0DA97EA551DE7D74,TRUE,28
qr-00304,ast-00304,AST-00304,A9F23C98743DC4B824422E68,TRUE,29
qr-00305,ast-00305,AST-00305,5FB3BE007410934C15D32EF3,TRUE,43
qr-00306,ast-00306,AST-00306,9D123FF852D74BF5A4A0CB70,TRUE,18
qr-00307,ast-00307,AST-00307,654C6EC06BB85446427254D7,TRUE,29
qr-00308,ast-00308,AST-00308,7B3C3B007174F81985A6B360,TRUE,9
qr-00309,ast-00309,AST-00309,752806BEA66610476757088C,TRUE,14
qr-00310,ast-00310,AST-00310,775F1C0FFF2F81AAB1E93296,TRUE,20
qr-00311,ast-00311,AST-00311,10DAC3A0C98F5B66FE0CEBE5,FALSE,26
qr-00312,ast-00312,AST-00312,F3D6CBC36C703326DCA2E8D6,TRUE,41
qr-00313,ast-00313,AST-00313,2BAFF0B4F1104537178F3CD0,FALSE,18
qr-00314,ast-00314,AST-00314,65E3DD9EBB14B91409D23819,TRUE,36
qr-00315,ast-00315,AST-00315,1374B8FFF4AD91AFF07B3684,TRUE,25
qr-00316,ast-00316,AST-00316,C9BD3F55161534AD5B750EA0,TRUE,31
qr-00317,ast-00317,AST-00317,F13D670853B5423B8E641A88,TRUE,41
qr-00318,ast-00318,AST-00318,A2491E40077032DAA49C1816,TRUE,47
qr-00319,ast-00319,AST-00319,E9A8B030FE3082F46E3DD072,TRUE,18
qr-00320,ast-00320,AST-00320,8DD331A62176BB715D2F3CAE,TRUE,45
qr-00321,ast-00321,AST-00321,477C03F8F604A3BEDF7D4613,TRUE,29
qr-00322,ast-00322,AST-00322,56D6BD17FF7B0A8AAAD0A2A2,FALSE,11
qr-00323,ast-00323,AST-00323,BD443B898F539A49DE6CC4DA,TRUE,17
qr-00324,ast-00324,AST-00324,AA698746F5E188F259509CCC,TRUE,35
qr-00325,ast-00325,AST-00325,5B6AEBD8FC4F57A1A9A17705,TRUE,17
qr-00326,ast-00326,AST-00326,6097A5C380A7328DCADF23BF,FALSE,32
qr-00327,ast-00327,AST-00327,3D53BA80FD2CAFF9251B34F6,TRUE,24
qr-00328,ast-00328,AST-00328,22102673839C14E0EAC429CA,TRUE,40
qr-00329,ast-00329,AST-00329,E4A2F1E8D70F5DD95DACAC62,TRUE,23
qr-00330,ast-00330,AST-00330,2043AF0BA23E1A4518DBCA6E,TRUE,1
qr-00331,ast-00331,AST-00331,4AC4F93FF0A8213205B430DD,TRUE,21
qr-00332,ast-00332,AST-00332,969630A25029323833DE5975,TRUE,1
qr-00333,ast-00333,AST-00333,41753EA56A8E4BE60A817192,TRUE,28
qr-00334,ast-00334,AST-00334,F672190916B513ED8674BF13,TRUE,3
qr-00335,ast-00335,AST-00335,D08E0577EC21DB05E856ECFC,TRUE,34
qr-00336,ast-00336,AST-00336,EA65B7B6149334A55B7E0190,TRUE,43
qr-00337,ast-00337,AST-00337,A7650AD167035A159157CA12,TRUE,47
qr-00338,ast-00338,AST-00338,361BC3499700FF82EB80257E,TRUE,27
qr-00339,ast-00339,AST-00339,79F93A4F570C999B79EF84C6,FALSE,25
qr-00340,ast-00340,AST-00340,13D6919675F0A9C774EB01B5,TRUE,9
qr-00341,ast-00341,AST-00341,AC8DF4451C945A3D654A7A58,TRUE,13
qr-00342,ast-00342,AST-00342,E6F26CAF89355AB1514D3A15,TRUE,13
qr-00343,ast-00343,AST-00343,8C17B24ADE19EED4E90A24CD,TRUE,24
qr-00344,ast-00344,AST-00344,1788E7B4EE853B2547B4570A,TRUE,39
qr-00345,ast-00345,AST-00345,57208D606AD0D0F5CC670115,TRUE,9
qr-00346,ast-00346,AST-00346,FC1E6AB6A8A61D5DACBC5C6F,TRUE,23
qr-00347,ast-00347,AST-00347,52E62CC7DF89AA62609D09AE,FALSE,4
qr-00348,ast-00348,AST-00348,9721FFF286A4AD2C40073B1C,TRUE,46
qr-00349,ast-00349,AST-00349,2507450A46EA3B9E9AA39E96,TRUE,1
qr-00350,ast-00350,AST-00350,2B40124754ECAA5DBC3C4112,TRUE,8
qr-00351,ast-00351,AST-00351,64A6ECDCC003250080003E44,TRUE,39
qr-00352,ast-00352,AST-00352,8A455CF4A21B0BCE81342C09,TRUE,28
qr-00353,ast-00353,AST-00353,3C684C33CC2A708D439E55B7,FALSE,40
qr-00354,ast-00354,AST-00354,00CABE6A9AA2E06CDD089BFB,FALSE,18
qr-00355,ast-00355,AST-00355,02443E9DAD49CB0C4E55B82F,TRUE,24
qr-00356,ast-00356,AST-00356,D314971AECA011A5B2F8D7A3,FALSE,25
qr-00357,ast-00357,AST-00357,3C33DCF32CCDE8D80D928E85,TRUE,29
qr-00358,ast-00358,AST-00358,6D948AA7848D4C52C5B9ABFD,TRUE,32
qr-00359,ast-00359,AST-00359,2AB54C82E59508C8E52B76CB,TRUE,12
qr-00360,ast-00360,AST-00360,B7745461E2110AE43D5115B1,TRUE,11
qr-00361,ast-00361,AST-00361,4B1D74898E2BE83D4C9923EC,TRUE,31
qr-00362,ast-00362,AST-00362,D634F2D1A18048E098DCB68A,TRUE,37
qr-00363,ast-00363,AST-00363,24F9595A934B0459FF5A779D,FALSE,39
qr-00364,ast-00364,AST-00364,42CC77C4DBC068164778859B,TRUE,25
qr-00365,ast-00365,AST-00365,BF7BB070E3E253980444B144,TRUE,31
qr-00366,ast-00366,AST-00366,F28F17DBE613CB7FEB5FA895,TRUE,46
qr-00367,ast-00367,AST-00367,FEE5C5EF2D97F9D135403F84,FALSE,43
qr-00368,ast-00368,AST-00368,5A15CEC52EC686A52B5D8B48,FALSE,5
qr-00369,ast-00369,AST-00369,CA9591F7375B61297BD1D601,TRUE,27
qr-00370,ast-00370,AST-00370,E38FA7E55F4A9E97E78E3B2C,TRUE,25
qr-00371,ast-00371,AST-00371,499E84BCE4B2C4F981CA3D94,TRUE,14
qr-00372,ast-00372,AST-00372,30ACC49ABEF6F2B3050ACC4A,TRUE,3
qr-00373,ast-00373,AST-00373,7B27B04EE7B0FC20E857D22C,FALSE,9
qr-00374,ast-00374,AST-00374,2F7D8A11AC033DDD4F042FE6,TRUE,21
qr-00375,ast-00375,AST-00375,7E64503216E41CA270B8C53C,TRUE,33
qr-00376,ast-00376,AST-00376,A3E14500CBE1C4B533362F48,TRUE,34
qr-00377,ast-00377,AST-00377,49C8148157F658D8AD628011,TRUE,38
qr-00378,ast-00378,AST-00378,DF48688A25133322C78CDD91,TRUE,14
qr-00379,ast-00379,AST-00379,21F135CACF632DC8B9B49AAD,TRUE,3
qr-00380,ast-00380,AST-00380,48245C1AC893D1051FFB707A,TRUE,30
qr-00381,ast-00381,AST-00381,66FB40AD96828A9845D35356,TRUE,48
qr-00382,ast-00382,AST-00382,EDECC7BE2194687EBA7B0DE3,TRUE,21
qr-00383,ast-00383,AST-00383,5BCE46452ED227DF7B8988DB,TRUE,5
qr-00384,ast-00384,AST-00384,7CE4A27EBD407A204DBA1E39,FALSE,6
qr-00385,ast-00385,AST-00385,EA56B7F5335049B785E4750F,FALSE,41
qr-00386,ast-00386,AST-00386,7E629E4A24F758836ECE9B55,TRUE,5
qr-00387,ast-00387,AST-00387,1AF65EADE3EEB57B760388AD,TRUE,43
qr-00388,ast-00388,AST-00388,C1BE25A5F89557D45BD8C5DC,TRUE,12
qr-00389,ast-00389,AST-00389,3B8ADE2B403527E1D17C493B,TRUE,9
qr-00390,ast-00390,AST-00390,509F438D8EED7966EAFF119F,TRUE,24
qr-00391,ast-00391,AST-00391,A6C458378EF60303C018C05C,TRUE,41
qr-00392,ast-00392,AST-00392,5C2599B6D5EC4B3FA1504B32,TRUE,48
qr-00393,ast-00393,AST-00393,CA50030A403F00D02EAEDED5,TRUE,43
qr-00394,ast-00394,AST-00394,4017DDEC32807CA7D7F8A2C2,TRUE,4
qr-00395,ast-00395,AST-00395,80B3DA0D8DEDA243D8122C3E,TRUE,45
qr-00396,ast-00396,AST-00396,6F32E061DD085354BFD2E58C,TRUE,44
qr-00397,ast-00397,AST-00397,74BC0FFA650A5C33268B52D5,TRUE,5
qr-00398,ast-00398,AST-00398,057BED3F1B367F8DBAA3FC31,TRUE,18
qr-00399,ast-00399,AST-00399,B730A7026FFC7EB8E6ECF82D,TRUE,19
qr-00400,ast-00400,AST-00400,88A5AFAE10D29C35A4C92487,TRUE,12
qr-00401,ast-00401,AST-00401,4AC751A829B3016DF4318228,TRUE,14
qr-00402,ast-00402,AST-00402,6FECAB784B01F9B2854F1D2A,TRUE,10
qr-00403,ast-00403,AST-00403,9D2D2E09A6E7C8DB76390A12,TRUE,25
qr-00404,ast-00404,AST-00404,E33F80C50D76140BFBC7EDFC,TRUE,4
qr-00405,ast-00405,AST-00405,98C4D6B3D41CE3A1E18FC6CE,TRUE,8
qr-00406,ast-00406,AST-00406,DE953C22B14833388A83E039,TRUE,27
qr-00407,ast-00407,AST-00407,73180B057BBA6777D48076DE,TRUE,22
qr-00408,ast-00408,AST-00408,C316B5ADB6CF3B43D4F3B58B,TRUE,33
qr-00409,ast-00409,AST-00409,13FDBDA915EEC6A4F7F93D6D,TRUE,5
qr-00410,ast-00410,AST-00410,4024582371BD1B66C701DA1E,TRUE,29
qr-00411,ast-00411,AST-00411,456E2EA0757F35C5C72FDFC4,TRUE,12
qr-00412,ast-00412,AST-00412,9D9DD5301236F11DBFA6EC83,TRUE,35
qr-00413,ast-00413,AST-00413,262997C67070C8DFF3B7D623,TRUE,30
qr-00414,ast-00414,AST-00414,136695491FF427EF166159F5,TRUE,7
qr-00415,ast-00415,AST-00415,5B66FE93A1239F6435DF51E3,TRUE,1
qr-00416,ast-00416,AST-00416,B2EBE65A64748FC4C966DD57,TRUE,28
qr-00417,ast-00417,AST-00417,F7E2FBF0A08DEC1A81D012C7,TRUE,25
qr-00418,ast-00418,AST-00418,5E652624160349ED51DFA7C0,FALSE,23
qr-00419,ast-00419,AST-00419,A97FFDD12938A8CA6E121A93,FALSE,40
qr-00420,ast-00420,AST-00420,8CADCC2FACA2A1BB0C06804B,TRUE,22
qr-00421,ast-00421,AST-00421,7DC0B4682C003DDC0A5F2864,TRUE,18
qr-00422,ast-00422,AST-00422,0DFF825EB0FF9DE8308DDD63,TRUE,23
qr-00423,ast-00423,AST-00423,A91E9126C809C1D6AD523874,TRUE,6
qr-00424,ast-00424,AST-00424,6CE56574CF040AEEA40B40A1,FALSE,5
qr-00425,ast-00425,AST-00425,5D07CE5FF0B30303E0999BF2,TRUE,6
qr-00426,ast-00426,AST-00426,EE26494E352DBD250EAE2642,TRUE,25
qr-00427,ast-00427,AST-00427,1188B1CBA601C4857F98D44E,TRUE,50
qr-00428,ast-00428,AST-00428,9253BCC917B089DCC34D0023,TRUE,47
qr-00429,ast-00429,AST-00429,1C9CF8C022D4DBCDBD126AD0,TRUE,4
qr-00430,ast-00430,AST-00430,4E7067500B738DFFFAB9F799,TRUE,46
qr-00431,ast-00431,AST-00431,7D431AF63605418095EB6C96,FALSE,38
qr-00432,ast-00432,AST-00432,B6E871168427FF3E71D4F505,TRUE,10
qr-00433,ast-00433,AST-00433,2396AA66846B9206B37E7148,TRUE,30
qr-00434,ast-00434,AST-00434,55F0B5228053442C764305E4,TRUE,15
qr-00435,ast-00435,AST-00435,71705F7D28A851E1CEBFB4FC,TRUE,5
qr-00436,ast-00436,AST-00436,19EFBBA79C33988CCA14EEFE,TRUE,45
qr-00437,ast-00437,AST-00437,A01CCD1962FC7467E8784801,TRUE,38
qr-00438,ast-00438,AST-00438,4B879911533F33E978F658F4,TRUE,43
qr-00439,ast-00439,AST-00439,4B252860D0F3BD0416F3CC77,TRUE,45
qr-00440,ast-00440,AST-00440,455B40EB497DBDAE004918E7,FALSE,13
qr-00441,ast-00441,AST-00441,56C8215D0E99F9737646A1CA,TRUE,30
qr-00442,ast-00442,AST-00442,88289E3A528714D6BA27AFC2,TRUE,6
qr-00443,ast-00443,AST-00443,BE53CDF65D8617706F386DDB,TRUE,32
qr-00444,ast-00444,AST-00444,3FE99F8D682116F3D3439114,TRUE,17
qr-00445,ast-00445,AST-00445,F03F9FE640B78CCA087F617D,TRUE,0
qr-00446,ast-00446,AST-00446,ADFF34CC4250B5603D38AE42,TRUE,28
qr-00447,ast-00447,AST-00447,7FCA727EBC16B859F2DD2AD9,TRUE,49
qr-00448,ast-00448,AST-00448,624A7F6E3CE9854E63A4F823,TRUE,50
qr-00449,ast-00449,AST-00449,2B4370C919E2FE6DF8680099,TRUE,46
qr-00450,ast-00450,AST-00450,2AE47F346CA324606F9739CF,FALSE,16
qr-00451,ast-00451,AST-00451,49036E970F1E0AAE34051053,TRUE,5
qr-00452,ast-00452,AST-00452,788B3FB3D9B03A36D1169427,FALSE,48
qr-00453,ast-00453,AST-00453,A6ABAB2D058067F4092A5B28,TRUE,10
qr-00454,ast-00454,AST-00454,230C06EF1ED042902E1432A8,TRUE,8
qr-00455,ast-00455,AST-00455,9CCFF2835F7CCAA6D869ADDF,TRUE,9
qr-00456,ast-00456,AST-00456,34901B5AFDFD41F8557D600A,TRUE,0
qr-00457,ast-00457,AST-00457,EE41FE0571888EB784C1E54A,TRUE,43
qr-00458,ast-00458,AST-00458,4AEACEE77989A0C814F3027E,FALSE,14
qr-00459,ast-00459,AST-00459,908EBE79B61AAC4D29F3D448,TRUE,30
qr-00460,ast-00460,AST-00460,1D59865DE6065AC7B720FB28,TRUE,35
qr-00461,ast-00461,AST-00461,C5509DB49DACFB01D887B4C8,TRUE,22
qr-00462,ast-00462,AST-00462,7453A4CC0E50C917C18DFB38,TRUE,41
qr-00463,ast-00463,AST-00463,BF4D1151367921578F0D2F01,TRUE,2
qr-00464,ast-00464,AST-00464,4B449B92DEFDB88FE45B8FAC,TRUE,1
qr-00465,ast-00465,AST-00465,45701077298B512746C0002B,TRUE,38
qr-00466,ast-00466,AST-00466,CD073923DF80A6B6E70C5F5F,TRUE,40
qr-00467,ast-00467,AST-00467,8ADE5B4461B852F704EAD315,TRUE,26
qr-00468,ast-00468,AST-00468,F84AACD447ACB81738B78670,TRUE,41
qr-00469,ast-00469,AST-00469,5C811C02765B40347F6A8830,TRUE,16
qr-00470,ast-00470,AST-00470,8190FE14AEF3FA9C30606EE9,TRUE,8
qr-00471,ast-00471,AST-00471,6FAC638E3592FC968C71AFD3,TRUE,4
qr-00472,ast-00472,AST-00472,4C5DA79EA4CC1ABAA57D41D1,TRUE,41
qr-00473,ast-00473,AST-00473,B59947F1B6B6376ECFA0F7FD,TRUE,0
qr-00474,ast-00474,AST-00474,82BEBE68DBF33A2385506DA6,TRUE,42
qr-00475,ast-00475,AST-00475,BA5499149C7123293E8CF3C2,TRUE,6
qr-00476,ast-00476,AST-00476,48D633A541078DE7894F8EFA,TRUE,45
qr-00477,ast-00477,AST-00477,801551EE4AE1961CA2015321,TRUE,50
qr-00478,ast-00478,AST-00478,F8B698C1B053937C59CEBE15,TRUE,18
qr-00479,ast-00479,AST-00479,C555F9E637458CA592C8EC78,TRUE,43
qr-00480,ast-00480,AST-00480,2BBC1865820E8139C04DA63A,TRUE,26
qr-00481,ast-00481,AST-00481,3403FC3D031F30D01FBA6C05,FALSE,19
qr-00482,ast-00482,AST-00482,2FCAE27326B79C27DF99FE95,TRUE,37
qr-00483,ast-00483,AST-00483,C727542CBDFBF99230FB6268,TRUE,24
qr-00484,ast-00484,AST-00484,B228AA5EC1C15EB6E842F056,FALSE,22
qr-00485,ast-00485,AST-00485,5B5270BE139C6388B0BE303D,FALSE,14
qr-00486,ast-00486,AST-00486,2EF0DBB9D5C61F14F7A190E7,TRUE,39
qr-00487,ast-00487,AST-00487,66A76FF780514FB664A39E7A,TRUE,38
qr-00488,ast-00488,AST-00488,D8FBE56BF8F498FEF9E19A48,TRUE,9
qr-00489,ast-00489,AST-00489,F033230C4F3CC225BCFD3D53,TRUE,8
qr-00490,ast-00490,AST-00490,1CB0F322526B3928C5F5A7EB,TRUE,33
qr-00491,ast-00491,AST-00491,30DEEF37104DCBDA3C66E1EC,TRUE,8
qr-00492,ast-00492,AST-00492,B9541DC273199EFC7F96AF57,TRUE,48
qr-00493,ast-00493,AST-00493,D1FB103A7983EFA978467B97,FALSE,34
qr-00494,ast-00494,AST-00494,B7C8B4C105971AFEFB57A14F,TRUE,46
qr-00495,ast-00495,AST-00495,BDEBE80C437606D94935AB79,TRUE,21
qr-00496,ast-00496,AST-00496,35CF464FED14CE1C30379145,TRUE,36
qr-00497,ast-00497,AST-00497,BB1297BA6CFB71C42881D586,FALSE,46
qr-00498,ast-00498,AST-00498,2A7E044F94A9B4DCED7E63C6,TRUE,11
qr-00499,ast-00499,AST-00499,5E83B52AF3651AC26AFC0519,TRUE,32
qr-00500,ast-00500,AST-00500,EC5F9554C85DC93C0130E0B6,TRUE,33